-- workflow_status_def
INSERT INTO workflow_status_def (ID_, KEY_, NAME_, COLUMN_KEY_, DESCRIPTION_, IS_SYSTEM_, CREATED_AT_, UPDATED_AT_)
VALUES ('status-def-backlog', 'backlog', '新建', 'backlog', '', 1, '__NOW__', '__NOW__')
ON CONFLICT(ID_) DO UPDATE SET KEY_=excluded.KEY_, NAME_=excluded.NAME_, COLUMN_KEY_=excluded.COLUMN_KEY_, UPDATED_AT_=excluded.UPDATED_AT_;
INSERT INTO workflow_status_def (ID_, KEY_, NAME_, COLUMN_KEY_, DESCRIPTION_, IS_SYSTEM_, CREATED_AT_, UPDATED_AT_)
VALUES ('status-def-todo', 'todo', '待办', 'todo', '', 1, '__NOW__', '__NOW__')
ON CONFLICT(ID_) DO UPDATE SET KEY_=excluded.KEY_, NAME_=excluded.NAME_, COLUMN_KEY_=excluded.COLUMN_KEY_, UPDATED_AT_=excluded.UPDATED_AT_;
INSERT INTO workflow_status_def (ID_, KEY_, NAME_, COLUMN_KEY_, DESCRIPTION_, IS_SYSTEM_, CREATED_AT_, UPDATED_AT_)
VALUES ('status-def-in_progress', 'in_progress', '处理中', 'in_progress', '', 1, '__NOW__', '__NOW__')
ON CONFLICT(ID_) DO UPDATE SET KEY_=excluded.KEY_, NAME_=excluded.NAME_, COLUMN_KEY_=excluded.COLUMN_KEY_, UPDATED_AT_=excluded.UPDATED_AT_;
INSERT INTO workflow_status_def (ID_, KEY_, NAME_, COLUMN_KEY_, DESCRIPTION_, IS_SYSTEM_, CREATED_AT_, UPDATED_AT_)
VALUES ('status-def-in_review', 'in_review', '待审查', 'in_review', '', 1, '__NOW__', '__NOW__')
ON CONFLICT(ID_) DO UPDATE SET KEY_=excluded.KEY_, NAME_=excluded.NAME_, COLUMN_KEY_=excluded.COLUMN_KEY_, UPDATED_AT_=excluded.UPDATED_AT_;
INSERT INTO workflow_status_def (ID_, KEY_, NAME_, COLUMN_KEY_, DESCRIPTION_, IS_SYSTEM_, CREATED_AT_, UPDATED_AT_)
VALUES ('status-def-completed', 'completed', '已完成', 'completed', '', 1, '__NOW__', '__NOW__')
ON CONFLICT(ID_) DO UPDATE SET KEY_=excluded.KEY_, NAME_=excluded.NAME_, COLUMN_KEY_=excluded.COLUMN_KEY_, UPDATED_AT_=excluded.UPDATED_AT_;
INSERT INTO workflow_status_def (ID_, KEY_, NAME_, COLUMN_KEY_, DESCRIPTION_, IS_SYSTEM_, CREATED_AT_, UPDATED_AT_)
VALUES
	('status-def-waiting_answer', 'waiting_answer', '等待回答', 'in_review', '等待人工回答或补充信息。', 1, '__NOW__', '__NOW__'),
	('status-def-waiting_submit', 'waiting_submit', '等待提交', 'in_review', '等待人工提交交付物或结论。', 1, '__NOW__', '__NOW__'),
	('status-def-waiting_approval', 'waiting_approval', '等待批准', 'in_review', '等待人工审批通过。', 1, '__NOW__', '__NOW__'),
	('status-def-success', 'success', '成功', 'completed', '任务以成功结果结束。', 1, '__NOW__', '__NOW__'),
	('status-def-failed', 'failed', '失败', 'completed', '任务以失败结果结束。', 1, '__NOW__', '__NOW__'),
	('status-def-interrupted', 'interrupted', '中断', 'completed', '任务被中断或提前终止。', 1, '__NOW__', '__NOW__'),
	('status-def-testing_waiting_submit', 'testing_waiting_submit', '测试等待提交', 'in_review', '测试阶段等待提交测试结果。', 1, '__NOW__', '__NOW__'),
	('status-def-testing_in_progress', 'testing_in_progress', '测试中', 'in_progress', '测试阶段正在执行。', 1, '__NOW__', '__NOW__'),
	('status-def-testing_waiting_approval', 'testing_waiting_approval', '测试等待批准', 'in_review', '测试阶段等待验收批准。', 1, '__NOW__', '__NOW__'),
	('status-def-testing_success', 'testing_success', '测试成功', 'completed', '测试阶段成功结束。', 1, '__NOW__', '__NOW__'),
	('status-def-testing_failed', 'testing_failed', '测试失败', 'completed', '测试阶段失败结束。', 1, '__NOW__', '__NOW__'),
	('status-def-testing_interrupted', 'testing_interrupted', '测试中断', 'completed', '测试阶段被中断。', 1, '__NOW__', '__NOW__'),
	('status-def-deployment_waiting_submit', 'deployment_waiting_submit', '部署等待提交', 'in_review', '部署阶段等待提交发布申请。', 1, '__NOW__', '__NOW__'),
	('status-def-deployment_in_progress', 'deployment_in_progress', '部署中', 'in_progress', '部署阶段正在执行。', 1, '__NOW__', '__NOW__'),
	('status-def-deployment_waiting_approval', 'deployment_waiting_approval', '部署等待批准', 'in_review', '部署阶段等待发布批准。', 1, '__NOW__', '__NOW__'),
	('status-def-deployment_success', 'deployment_success', '部署成功', 'completed', '部署阶段成功结束。', 1, '__NOW__', '__NOW__'),
	('status-def-deployment_failed', 'deployment_failed', '部署失败', 'completed', '部署阶段失败结束。', 1, '__NOW__', '__NOW__'),
	('status-def-deployment_interrupted', 'deployment_interrupted', '部署中断', 'completed', '部署阶段被中断。', 1, '__NOW__', '__NOW__')
ON CONFLICT(ID_) DO UPDATE SET KEY_=excluded.KEY_, NAME_=excluded.NAME_, COLUMN_KEY_=excluded.COLUMN_KEY_, DESCRIPTION_=excluded.DESCRIPTION_, UPDATED_AT_=excluded.UPDATED_AT_;

-- workflow_stage_def
INSERT INTO workflow_stage_def (ID_, KEY_, NAME_, DESCRIPTION_, IS_SYSTEM_, CREATED_AT_, UPDATED_AT_)
VALUES ('stage-def-requirement_clarification', 'requirement_clarification', '需求澄清', '', 1, '__NOW__', '__NOW__')
ON CONFLICT(ID_) DO UPDATE SET KEY_=excluded.KEY_, NAME_=excluded.NAME_, UPDATED_AT_=excluded.UPDATED_AT_;
INSERT INTO workflow_stage_def (ID_, KEY_, NAME_, DESCRIPTION_, IS_SYSTEM_, CREATED_AT_, UPDATED_AT_)
VALUES ('stage-def-solution_design', 'solution_design', '方案设计', '', 1, '__NOW__', '__NOW__')
ON CONFLICT(ID_) DO UPDATE SET KEY_=excluded.KEY_, NAME_=excluded.NAME_, UPDATED_AT_=excluded.UPDATED_AT_;
INSERT INTO workflow_stage_def (ID_, KEY_, NAME_, DESCRIPTION_, IS_SYSTEM_, CREATED_AT_, UPDATED_AT_)
VALUES ('stage-def-development', 'development', '开发实现', '', 1, '__NOW__', '__NOW__')
ON CONFLICT(ID_) DO UPDATE SET KEY_=excluded.KEY_, NAME_=excluded.NAME_, UPDATED_AT_=excluded.UPDATED_AT_;
INSERT INTO workflow_stage_def (ID_, KEY_, NAME_, DESCRIPTION_, IS_SYSTEM_, CREATED_AT_, UPDATED_AT_)
VALUES ('stage-def-testing_acceptance', 'testing_acceptance', '测试验收', '', 1, '__NOW__', '__NOW__')
ON CONFLICT(ID_) DO UPDATE SET KEY_=excluded.KEY_, NAME_=excluded.NAME_, UPDATED_AT_=excluded.UPDATED_AT_;
INSERT INTO workflow_stage_def (ID_, KEY_, NAME_, DESCRIPTION_, IS_SYSTEM_, CREATED_AT_, UPDATED_AT_)
VALUES ('stage-def-release', 'release', '发布上线', '', 1, '__NOW__', '__NOW__')
ON CONFLICT(ID_) DO UPDATE SET KEY_=excluded.KEY_, NAME_=excluded.NAME_, UPDATED_AT_=excluded.UPDATED_AT_;
INSERT INTO workflow_stage_def (ID_, KEY_, NAME_, DESCRIPTION_, IS_SYSTEM_, CREATED_AT_, UPDATED_AT_)
VALUES ('stage-def-issue_triage', 'issue_triage', '问题分诊', '', 1, '__NOW__', '__NOW__')
ON CONFLICT(ID_) DO UPDATE SET KEY_=excluded.KEY_, NAME_=excluded.NAME_, UPDATED_AT_=excluded.UPDATED_AT_;
INSERT INTO workflow_stage_def (ID_, KEY_, NAME_, DESCRIPTION_, IS_SYSTEM_, CREATED_AT_, UPDATED_AT_)
VALUES ('stage-def-reproduce_diagnose', 'reproduce_diagnose', '复现定位', '', 1, '__NOW__', '__NOW__')
ON CONFLICT(ID_) DO UPDATE SET KEY_=excluded.KEY_, NAME_=excluded.NAME_, UPDATED_AT_=excluded.UPDATED_AT_;
INSERT INTO workflow_stage_def (ID_, KEY_, NAME_, DESCRIPTION_, IS_SYSTEM_, CREATED_AT_, UPDATED_AT_)
VALUES ('stage-def-fix_implementation', 'fix_implementation', '修复实现', '', 1, '__NOW__', '__NOW__')
ON CONFLICT(ID_) DO UPDATE SET KEY_=excluded.KEY_, NAME_=excluded.NAME_, UPDATED_AT_=excluded.UPDATED_AT_;
INSERT INTO workflow_stage_def (ID_, KEY_, NAME_, DESCRIPTION_, IS_SYSTEM_, CREATED_AT_, UPDATED_AT_)
VALUES ('stage-def-regression_verification', 'regression_verification', '回归验证', '', 1, '__NOW__', '__NOW__')
ON CONFLICT(ID_) DO UPDATE SET KEY_=excluded.KEY_, NAME_=excluded.NAME_, UPDATED_AT_=excluded.UPDATED_AT_;
INSERT INTO workflow_stage_def (ID_, KEY_, NAME_, DESCRIPTION_, IS_SYSTEM_, CREATED_AT_, UPDATED_AT_)
VALUES ('stage-def-fix_release', 'fix_release', '发布修复', '', 1, '__NOW__', '__NOW__')
ON CONFLICT(ID_) DO UPDATE SET KEY_=excluded.KEY_, NAME_=excluded.NAME_, UPDATED_AT_=excluded.UPDATED_AT_;
INSERT INTO workflow_stage_def (ID_, KEY_, NAME_, DESCRIPTION_, IS_SYSTEM_, CREATED_AT_, UPDATED_AT_)
VALUES ('stage-def-current_assessment', 'current_assessment', '现状评估', '', 1, '__NOW__', '__NOW__')
ON CONFLICT(ID_) DO UPDATE SET KEY_=excluded.KEY_, NAME_=excluded.NAME_, UPDATED_AT_=excluded.UPDATED_AT_;
INSERT INTO workflow_stage_def (ID_, KEY_, NAME_, DESCRIPTION_, IS_SYSTEM_, CREATED_AT_, UPDATED_AT_)
VALUES ('stage-def-optimization_plan', 'optimization_plan', '优化方案', '', 1, '__NOW__', '__NOW__')
ON CONFLICT(ID_) DO UPDATE SET KEY_=excluded.KEY_, NAME_=excluded.NAME_, UPDATED_AT_=excluded.UPDATED_AT_;
INSERT INTO workflow_stage_def (ID_, KEY_, NAME_, DESCRIPTION_, IS_SYSTEM_, CREATED_AT_, UPDATED_AT_)
VALUES ('stage-def-iteration_implementation', 'iteration_implementation', '迭代实现', '', 1, '__NOW__', '__NOW__')
ON CONFLICT(ID_) DO UPDATE SET KEY_=excluded.KEY_, NAME_=excluded.NAME_, UPDATED_AT_=excluded.UPDATED_AT_;
INSERT INTO workflow_stage_def (ID_, KEY_, NAME_, DESCRIPTION_, IS_SYSTEM_, CREATED_AT_, UPDATED_AT_)
VALUES ('stage-def-effect_verification', 'effect_verification', '效果验证', '', 1, '__NOW__', '__NOW__')
ON CONFLICT(ID_) DO UPDATE SET KEY_=excluded.KEY_, NAME_=excluded.NAME_, UPDATED_AT_=excluded.UPDATED_AT_;
INSERT INTO workflow_stage_def (ID_, KEY_, NAME_, DESCRIPTION_, IS_SYSTEM_, CREATED_AT_, UPDATED_AT_)
VALUES ('stage-def-canary_release', 'canary_release', '灰度发布', '', 1, '__NOW__', '__NOW__')
ON CONFLICT(ID_) DO UPDATE SET KEY_=excluded.KEY_, NAME_=excluded.NAME_, UPDATED_AT_=excluded.UPDATED_AT_;
INSERT INTO workflow_stage_def (ID_, KEY_, NAME_, DESCRIPTION_, IS_SYSTEM_, CREATED_AT_, UPDATED_AT_)
VALUES ('stage-def-todo', 'todo', '待办', '', 1, '__NOW__', '__NOW__')
ON CONFLICT(ID_) DO UPDATE SET KEY_=excluded.KEY_, NAME_=excluded.NAME_, UPDATED_AT_=excluded.UPDATED_AT_;
INSERT INTO workflow_stage_def (ID_, KEY_, NAME_, DESCRIPTION_, IS_SYSTEM_, CREATED_AT_, UPDATED_AT_)
VALUES ('stage-def-in_progress', 'in_progress', '处理中', '', 1, '__NOW__', '__NOW__')
ON CONFLICT(ID_) DO UPDATE SET KEY_=excluded.KEY_, NAME_=excluded.NAME_, UPDATED_AT_=excluded.UPDATED_AT_;
INSERT INTO workflow_stage_def (ID_, KEY_, NAME_, DESCRIPTION_, IS_SYSTEM_, CREATED_AT_, UPDATED_AT_)
VALUES ('stage-def-done', 'done', '已完成', '', 1, '__NOW__', '__NOW__')
ON CONFLICT(ID_) DO UPDATE SET KEY_=excluded.KEY_, NAME_=excluded.NAME_, UPDATED_AT_=excluded.UPDATED_AT_;
INSERT INTO workflow_stage_def (ID_, KEY_, NAME_, DESCRIPTION_, IS_SYSTEM_, CREATED_AT_, UPDATED_AT_)
VALUES ('stage-def-topic_planning', 'topic_planning', '选题策划', '', 1, '__NOW__', '__NOW__')
ON CONFLICT(ID_) DO UPDATE SET KEY_=excluded.KEY_, NAME_=excluded.NAME_, UPDATED_AT_=excluded.UPDATED_AT_;
INSERT INTO workflow_stage_def (ID_, KEY_, NAME_, DESCRIPTION_, IS_SYSTEM_, CREATED_AT_, UPDATED_AT_)
VALUES ('stage-def-copywriting', 'copywriting', '文案撰写', '', 1, '__NOW__', '__NOW__')
ON CONFLICT(ID_) DO UPDATE SET KEY_=excluded.KEY_, NAME_=excluded.NAME_, UPDATED_AT_=excluded.UPDATED_AT_;
INSERT INTO workflow_stage_def (ID_, KEY_, NAME_, DESCRIPTION_, IS_SYSTEM_, CREATED_AT_, UPDATED_AT_)
VALUES ('stage-def-visual_production', 'visual_production', '视觉制作', '', 1, '__NOW__', '__NOW__')
ON CONFLICT(ID_) DO UPDATE SET KEY_=excluded.KEY_, NAME_=excluded.NAME_, UPDATED_AT_=excluded.UPDATED_AT_;
INSERT INTO workflow_stage_def (ID_, KEY_, NAME_, DESCRIPTION_, IS_SYSTEM_, CREATED_AT_, UPDATED_AT_)
VALUES ('stage-def-editing_proofreading', 'editing_proofreading', '编辑审校', '', 1, '__NOW__', '__NOW__')
ON CONFLICT(ID_) DO UPDATE SET KEY_=excluded.KEY_, NAME_=excluded.NAME_, UPDATED_AT_=excluded.UPDATED_AT_;
INSERT INTO workflow_stage_def (ID_, KEY_, NAME_, DESCRIPTION_, IS_SYSTEM_, CREATED_AT_, UPDATED_AT_)
VALUES ('stage-def-publish_delivery', 'publish_delivery', '发布投放', '', 1, '__NOW__', '__NOW__')
ON CONFLICT(ID_) DO UPDATE SET KEY_=excluded.KEY_, NAME_=excluded.NAME_, UPDATED_AT_=excluded.UPDATED_AT_;

-- workflow
INSERT INTO workflow (ID_, KEY_, NAME_, DESCRIPTION_, IS_DEFAULT_, TRANSITION_MODE_, CREATED_AT_, UPDATED_AT_)
VALUES ('workflow-standard-requirement', 'standard_requirement', '标准需求', '标准需求从澄清、设计、开发、测试到发布的完整交付流程。', 1, 'strict', '__NOW__', '__NOW__')
ON CONFLICT(ID_) DO UPDATE SET KEY_=excluded.KEY_, NAME_=excluded.NAME_, DESCRIPTION_=excluded.DESCRIPTION_, IS_DEFAULT_=excluded.IS_DEFAULT_, TRANSITION_MODE_=excluded.TRANSITION_MODE_, UPDATED_AT_=excluded.UPDATED_AT_;
INSERT INTO workflow (ID_, KEY_, NAME_, DESCRIPTION_, IS_DEFAULT_, TRANSITION_MODE_, CREATED_AT_, UPDATED_AT_)
VALUES ('workflow-bug-fix', 'bug_fix', 'BUG 修复', '缺陷分诊、复现定位、修复、回归与发布流程。', 0, 'strict', '__NOW__', '__NOW__')
ON CONFLICT(ID_) DO UPDATE SET KEY_=excluded.KEY_, NAME_=excluded.NAME_, DESCRIPTION_=excluded.DESCRIPTION_, IS_DEFAULT_=excluded.IS_DEFAULT_, TRANSITION_MODE_=excluded.TRANSITION_MODE_, UPDATED_AT_=excluded.UPDATED_AT_;
INSERT INTO workflow (ID_, KEY_, NAME_, DESCRIPTION_, IS_DEFAULT_, TRANSITION_MODE_, CREATED_AT_, UPDATED_AT_)
VALUES ('workflow-optimization-iteration', 'optimization_iteration', '优化迭代', '围绕现状、方案、实现、验证和灰度发布的优化流程。', 0, 'strict', '__NOW__', '__NOW__')
ON CONFLICT(ID_) DO UPDATE SET KEY_=excluded.KEY_, NAME_=excluded.NAME_, DESCRIPTION_=excluded.DESCRIPTION_, IS_DEFAULT_=excluded.IS_DEFAULT_, TRANSITION_MODE_=excluded.TRANSITION_MODE_, UPDATED_AT_=excluded.UPDATED_AT_;
INSERT INTO workflow (ID_, KEY_, NAME_, DESCRIPTION_, IS_DEFAULT_, TRANSITION_MODE_, CREATED_AT_, UPDATED_AT_)
VALUES ('workflow-free-task', 'free_task', '自由任务', '轻量级自由流转任务，可任意切换阶段和状态。', 0, 'free', '__NOW__', '__NOW__')
ON CONFLICT(ID_) DO UPDATE SET KEY_=excluded.KEY_, NAME_=excluded.NAME_, DESCRIPTION_=excluded.DESCRIPTION_, IS_DEFAULT_=excluded.IS_DEFAULT_, TRANSITION_MODE_=excluded.TRANSITION_MODE_, UPDATED_AT_=excluded.UPDATED_AT_;
INSERT INTO workflow (ID_, KEY_, NAME_, DESCRIPTION_, IS_DEFAULT_, TRANSITION_MODE_, CREATED_AT_, UPDATED_AT_)
VALUES ('workflow-graphic-publish', 'graphic_publish', '图文制作发布', '图文选题、文案、视觉、审校和发布投放流程。', 0, 'strict', '__NOW__', '__NOW__')
ON CONFLICT(ID_) DO UPDATE SET KEY_=excluded.KEY_, NAME_=excluded.NAME_, DESCRIPTION_=excluded.DESCRIPTION_, IS_DEFAULT_=excluded.IS_DEFAULT_, TRANSITION_MODE_=excluded.TRANSITION_MODE_, UPDATED_AT_=excluded.UPDATED_AT_;

-- workflow_stage
INSERT INTO workflow_stage (ID_, WORKFLOW_ID_, STAGE_DEF_ID_, KEY_, NAME_, POSITION_, IS_START_, IS_END_)
VALUES ('workflow-standard-requirement-stage-requirement_clarification', 'workflow-standard-requirement', 'stage-def-requirement_clarification', 'requirement_clarification', '需求澄清', 1, 1, 0)
ON CONFLICT(ID_) DO UPDATE SET STAGE_DEF_ID_=excluded.STAGE_DEF_ID_, KEY_=excluded.KEY_, NAME_=excluded.NAME_, POSITION_=excluded.POSITION_, IS_START_=excluded.IS_START_, IS_END_=excluded.IS_END_;
INSERT INTO workflow_stage (ID_, WORKFLOW_ID_, STAGE_DEF_ID_, KEY_, NAME_, POSITION_, IS_START_, IS_END_)
VALUES ('workflow-standard-requirement-stage-solution_design', 'workflow-standard-requirement', 'stage-def-solution_design', 'solution_design', '方案设计', 2, 0, 0)
ON CONFLICT(ID_) DO UPDATE SET STAGE_DEF_ID_=excluded.STAGE_DEF_ID_, KEY_=excluded.KEY_, NAME_=excluded.NAME_, POSITION_=excluded.POSITION_, IS_START_=excluded.IS_START_, IS_END_=excluded.IS_END_;
INSERT INTO workflow_stage (ID_, WORKFLOW_ID_, STAGE_DEF_ID_, KEY_, NAME_, POSITION_, IS_START_, IS_END_)
VALUES ('workflow-standard-requirement-stage-development', 'workflow-standard-requirement', 'stage-def-development', 'development', '开发实现', 3, 0, 0)
ON CONFLICT(ID_) DO UPDATE SET STAGE_DEF_ID_=excluded.STAGE_DEF_ID_, KEY_=excluded.KEY_, NAME_=excluded.NAME_, POSITION_=excluded.POSITION_, IS_START_=excluded.IS_START_, IS_END_=excluded.IS_END_;
INSERT INTO workflow_stage (ID_, WORKFLOW_ID_, STAGE_DEF_ID_, KEY_, NAME_, POSITION_, IS_START_, IS_END_)
VALUES ('workflow-standard-requirement-stage-testing_acceptance', 'workflow-standard-requirement', 'stage-def-testing_acceptance', 'testing_acceptance', '测试验收', 4, 0, 0)
ON CONFLICT(ID_) DO UPDATE SET STAGE_DEF_ID_=excluded.STAGE_DEF_ID_, KEY_=excluded.KEY_, NAME_=excluded.NAME_, POSITION_=excluded.POSITION_, IS_START_=excluded.IS_START_, IS_END_=excluded.IS_END_;
INSERT INTO workflow_stage (ID_, WORKFLOW_ID_, STAGE_DEF_ID_, KEY_, NAME_, POSITION_, IS_START_, IS_END_)
VALUES ('workflow-standard-requirement-stage-release', 'workflow-standard-requirement', 'stage-def-release', 'release', '发布上线', 5, 0, 1)
ON CONFLICT(ID_) DO UPDATE SET STAGE_DEF_ID_=excluded.STAGE_DEF_ID_, KEY_=excluded.KEY_, NAME_=excluded.NAME_, POSITION_=excluded.POSITION_, IS_START_=excluded.IS_START_, IS_END_=excluded.IS_END_;
INSERT INTO workflow_stage (ID_, WORKFLOW_ID_, STAGE_DEF_ID_, KEY_, NAME_, POSITION_, IS_START_, IS_END_)
VALUES ('workflow-bug-fix-stage-issue_triage', 'workflow-bug-fix', 'stage-def-issue_triage', 'issue_triage', '问题分诊', 1, 1, 0)
ON CONFLICT(ID_) DO UPDATE SET STAGE_DEF_ID_=excluded.STAGE_DEF_ID_, KEY_=excluded.KEY_, NAME_=excluded.NAME_, POSITION_=excluded.POSITION_, IS_START_=excluded.IS_START_, IS_END_=excluded.IS_END_;
INSERT INTO workflow_stage (ID_, WORKFLOW_ID_, STAGE_DEF_ID_, KEY_, NAME_, POSITION_, IS_START_, IS_END_)
VALUES ('workflow-bug-fix-stage-reproduce_diagnose', 'workflow-bug-fix', 'stage-def-reproduce_diagnose', 'reproduce_diagnose', '复现定位', 2, 0, 0)
ON CONFLICT(ID_) DO UPDATE SET STAGE_DEF_ID_=excluded.STAGE_DEF_ID_, KEY_=excluded.KEY_, NAME_=excluded.NAME_, POSITION_=excluded.POSITION_, IS_START_=excluded.IS_START_, IS_END_=excluded.IS_END_;
INSERT INTO workflow_stage (ID_, WORKFLOW_ID_, STAGE_DEF_ID_, KEY_, NAME_, POSITION_, IS_START_, IS_END_)
VALUES ('workflow-bug-fix-stage-fix_implementation', 'workflow-bug-fix', 'stage-def-fix_implementation', 'fix_implementation', '修复实现', 3, 0, 0)
ON CONFLICT(ID_) DO UPDATE SET STAGE_DEF_ID_=excluded.STAGE_DEF_ID_, KEY_=excluded.KEY_, NAME_=excluded.NAME_, POSITION_=excluded.POSITION_, IS_START_=excluded.IS_START_, IS_END_=excluded.IS_END_;
INSERT INTO workflow_stage (ID_, WORKFLOW_ID_, STAGE_DEF_ID_, KEY_, NAME_, POSITION_, IS_START_, IS_END_)
VALUES ('workflow-bug-fix-stage-regression_verification', 'workflow-bug-fix', 'stage-def-regression_verification', 'regression_verification', '回归验证', 4, 0, 0)
ON CONFLICT(ID_) DO UPDATE SET STAGE_DEF_ID_=excluded.STAGE_DEF_ID_, KEY_=excluded.KEY_, NAME_=excluded.NAME_, POSITION_=excluded.POSITION_, IS_START_=excluded.IS_START_, IS_END_=excluded.IS_END_;
INSERT INTO workflow_stage (ID_, WORKFLOW_ID_, STAGE_DEF_ID_, KEY_, NAME_, POSITION_, IS_START_, IS_END_)
VALUES ('workflow-bug-fix-stage-fix_release', 'workflow-bug-fix', 'stage-def-fix_release', 'fix_release', '发布修复', 5, 0, 1)
ON CONFLICT(ID_) DO UPDATE SET STAGE_DEF_ID_=excluded.STAGE_DEF_ID_, KEY_=excluded.KEY_, NAME_=excluded.NAME_, POSITION_=excluded.POSITION_, IS_START_=excluded.IS_START_, IS_END_=excluded.IS_END_;
INSERT INTO workflow_stage (ID_, WORKFLOW_ID_, STAGE_DEF_ID_, KEY_, NAME_, POSITION_, IS_START_, IS_END_)
VALUES ('workflow-optimization-iteration-stage-current_assessment', 'workflow-optimization-iteration', 'stage-def-current_assessment', 'current_assessment', '现状评估', 1, 1, 0)
ON CONFLICT(ID_) DO UPDATE SET STAGE_DEF_ID_=excluded.STAGE_DEF_ID_, KEY_=excluded.KEY_, NAME_=excluded.NAME_, POSITION_=excluded.POSITION_, IS_START_=excluded.IS_START_, IS_END_=excluded.IS_END_;
INSERT INTO workflow_stage (ID_, WORKFLOW_ID_, STAGE_DEF_ID_, KEY_, NAME_, POSITION_, IS_START_, IS_END_)
VALUES ('workflow-optimization-iteration-stage-optimization_plan', 'workflow-optimization-iteration', 'stage-def-optimization_plan', 'optimization_plan', '优化方案', 2, 0, 0)
ON CONFLICT(ID_) DO UPDATE SET STAGE_DEF_ID_=excluded.STAGE_DEF_ID_, KEY_=excluded.KEY_, NAME_=excluded.NAME_, POSITION_=excluded.POSITION_, IS_START_=excluded.IS_START_, IS_END_=excluded.IS_END_;
INSERT INTO workflow_stage (ID_, WORKFLOW_ID_, STAGE_DEF_ID_, KEY_, NAME_, POSITION_, IS_START_, IS_END_)
VALUES ('workflow-optimization-iteration-stage-iteration_implementation', 'workflow-optimization-iteration', 'stage-def-iteration_implementation', 'iteration_implementation', '迭代实现', 3, 0, 0)
ON CONFLICT(ID_) DO UPDATE SET STAGE_DEF_ID_=excluded.STAGE_DEF_ID_, KEY_=excluded.KEY_, NAME_=excluded.NAME_, POSITION_=excluded.POSITION_, IS_START_=excluded.IS_START_, IS_END_=excluded.IS_END_;
INSERT INTO workflow_stage (ID_, WORKFLOW_ID_, STAGE_DEF_ID_, KEY_, NAME_, POSITION_, IS_START_, IS_END_)
VALUES ('workflow-optimization-iteration-stage-effect_verification', 'workflow-optimization-iteration', 'stage-def-effect_verification', 'effect_verification', '效果验证', 4, 0, 0)
ON CONFLICT(ID_) DO UPDATE SET STAGE_DEF_ID_=excluded.STAGE_DEF_ID_, KEY_=excluded.KEY_, NAME_=excluded.NAME_, POSITION_=excluded.POSITION_, IS_START_=excluded.IS_START_, IS_END_=excluded.IS_END_;
INSERT INTO workflow_stage (ID_, WORKFLOW_ID_, STAGE_DEF_ID_, KEY_, NAME_, POSITION_, IS_START_, IS_END_)
VALUES ('workflow-optimization-iteration-stage-canary_release', 'workflow-optimization-iteration', 'stage-def-canary_release', 'canary_release', '灰度发布', 5, 0, 1)
ON CONFLICT(ID_) DO UPDATE SET STAGE_DEF_ID_=excluded.STAGE_DEF_ID_, KEY_=excluded.KEY_, NAME_=excluded.NAME_, POSITION_=excluded.POSITION_, IS_START_=excluded.IS_START_, IS_END_=excluded.IS_END_;
INSERT INTO workflow_stage (ID_, WORKFLOW_ID_, STAGE_DEF_ID_, KEY_, NAME_, POSITION_, IS_START_, IS_END_)
VALUES ('workflow-free-task-stage-todo', 'workflow-free-task', 'stage-def-todo', 'todo', '待办', 1, 1, 0)
ON CONFLICT(ID_) DO UPDATE SET STAGE_DEF_ID_=excluded.STAGE_DEF_ID_, KEY_=excluded.KEY_, NAME_=excluded.NAME_, POSITION_=excluded.POSITION_, IS_START_=excluded.IS_START_, IS_END_=excluded.IS_END_;
INSERT INTO workflow_stage (ID_, WORKFLOW_ID_, STAGE_DEF_ID_, KEY_, NAME_, POSITION_, IS_START_, IS_END_)
VALUES ('workflow-free-task-stage-in_progress', 'workflow-free-task', 'stage-def-in_progress', 'in_progress', '处理中', 2, 0, 0)
ON CONFLICT(ID_) DO UPDATE SET STAGE_DEF_ID_=excluded.STAGE_DEF_ID_, KEY_=excluded.KEY_, NAME_=excluded.NAME_, POSITION_=excluded.POSITION_, IS_START_=excluded.IS_START_, IS_END_=excluded.IS_END_;
INSERT INTO workflow_stage (ID_, WORKFLOW_ID_, STAGE_DEF_ID_, KEY_, NAME_, POSITION_, IS_START_, IS_END_)
VALUES ('workflow-free-task-stage-done', 'workflow-free-task', 'stage-def-done', 'done', '已完成', 3, 0, 1)
ON CONFLICT(ID_) DO UPDATE SET STAGE_DEF_ID_=excluded.STAGE_DEF_ID_, KEY_=excluded.KEY_, NAME_=excluded.NAME_, POSITION_=excluded.POSITION_, IS_START_=excluded.IS_START_, IS_END_=excluded.IS_END_;
INSERT INTO workflow_stage (ID_, WORKFLOW_ID_, STAGE_DEF_ID_, KEY_, NAME_, POSITION_, IS_START_, IS_END_)
VALUES ('workflow-graphic-publish-stage-topic_planning', 'workflow-graphic-publish', 'stage-def-topic_planning', 'topic_planning', '选题策划', 1, 1, 0)
ON CONFLICT(ID_) DO UPDATE SET STAGE_DEF_ID_=excluded.STAGE_DEF_ID_, KEY_=excluded.KEY_, NAME_=excluded.NAME_, POSITION_=excluded.POSITION_, IS_START_=excluded.IS_START_, IS_END_=excluded.IS_END_;
INSERT INTO workflow_stage (ID_, WORKFLOW_ID_, STAGE_DEF_ID_, KEY_, NAME_, POSITION_, IS_START_, IS_END_)
VALUES ('workflow-graphic-publish-stage-copywriting', 'workflow-graphic-publish', 'stage-def-copywriting', 'copywriting', '文案撰写', 2, 0, 0)
ON CONFLICT(ID_) DO UPDATE SET STAGE_DEF_ID_=excluded.STAGE_DEF_ID_, KEY_=excluded.KEY_, NAME_=excluded.NAME_, POSITION_=excluded.POSITION_, IS_START_=excluded.IS_START_, IS_END_=excluded.IS_END_;
INSERT INTO workflow_stage (ID_, WORKFLOW_ID_, STAGE_DEF_ID_, KEY_, NAME_, POSITION_, IS_START_, IS_END_)
VALUES ('workflow-graphic-publish-stage-visual_production', 'workflow-graphic-publish', 'stage-def-visual_production', 'visual_production', '视觉制作', 3, 0, 0)
ON CONFLICT(ID_) DO UPDATE SET STAGE_DEF_ID_=excluded.STAGE_DEF_ID_, KEY_=excluded.KEY_, NAME_=excluded.NAME_, POSITION_=excluded.POSITION_, IS_START_=excluded.IS_START_, IS_END_=excluded.IS_END_;
INSERT INTO workflow_stage (ID_, WORKFLOW_ID_, STAGE_DEF_ID_, KEY_, NAME_, POSITION_, IS_START_, IS_END_)
VALUES ('workflow-graphic-publish-stage-editing_proofreading', 'workflow-graphic-publish', 'stage-def-editing_proofreading', 'editing_proofreading', '编辑审校', 4, 0, 0)
ON CONFLICT(ID_) DO UPDATE SET STAGE_DEF_ID_=excluded.STAGE_DEF_ID_, KEY_=excluded.KEY_, NAME_=excluded.NAME_, POSITION_=excluded.POSITION_, IS_START_=excluded.IS_START_, IS_END_=excluded.IS_END_;
INSERT INTO workflow_stage (ID_, WORKFLOW_ID_, STAGE_DEF_ID_, KEY_, NAME_, POSITION_, IS_START_, IS_END_)
VALUES ('workflow-graphic-publish-stage-publish_delivery', 'workflow-graphic-publish', 'stage-def-publish_delivery', 'publish_delivery', '发布投放', 5, 0, 1)
ON CONFLICT(ID_) DO UPDATE SET STAGE_DEF_ID_=excluded.STAGE_DEF_ID_, KEY_=excluded.KEY_, NAME_=excluded.NAME_, POSITION_=excluded.POSITION_, IS_START_=excluded.IS_START_, IS_END_=excluded.IS_END_;

-- workflow_status
INSERT INTO workflow_status (ID_, WORKFLOW_ID_, STAGE_ID_, STATUS_DEF_ID_, KEY_, NAME_, COLUMN_KEY_, POSITION_, IS_START_, IS_TERMINAL_, IS_ACTIVE_, REVIEW_REQUIRED_)
VALUES ('workflow-standard-requirement-status-backlog', 'workflow-standard-requirement', NULL, 'status-def-backlog', 'backlog', '新建', 'backlog', 1, 1, 0, 1, 0)
ON CONFLICT(ID_) DO UPDATE SET STAGE_ID_=NULL, STATUS_DEF_ID_=excluded.STATUS_DEF_ID_, KEY_=excluded.KEY_, NAME_=excluded.NAME_, COLUMN_KEY_=excluded.COLUMN_KEY_, POSITION_=excluded.POSITION_, IS_START_=excluded.IS_START_, IS_TERMINAL_=excluded.IS_TERMINAL_, IS_ACTIVE_=1, REVIEW_REQUIRED_=excluded.REVIEW_REQUIRED_;
INSERT INTO workflow_status (ID_, WORKFLOW_ID_, STAGE_ID_, STATUS_DEF_ID_, KEY_, NAME_, COLUMN_KEY_, POSITION_, IS_START_, IS_TERMINAL_, IS_ACTIVE_, REVIEW_REQUIRED_)
VALUES ('workflow-standard-requirement-status-todo', 'workflow-standard-requirement', NULL, 'status-def-todo', 'todo', '待办', 'todo', 2, 0, 0, 1, 0)
ON CONFLICT(ID_) DO UPDATE SET STAGE_ID_=NULL, STATUS_DEF_ID_=excluded.STATUS_DEF_ID_, KEY_=excluded.KEY_, NAME_=excluded.NAME_, COLUMN_KEY_=excluded.COLUMN_KEY_, POSITION_=excluded.POSITION_, IS_START_=excluded.IS_START_, IS_TERMINAL_=excluded.IS_TERMINAL_, IS_ACTIVE_=1, REVIEW_REQUIRED_=excluded.REVIEW_REQUIRED_;
INSERT INTO workflow_status (ID_, WORKFLOW_ID_, STAGE_ID_, STATUS_DEF_ID_, KEY_, NAME_, COLUMN_KEY_, POSITION_, IS_START_, IS_TERMINAL_, IS_ACTIVE_, REVIEW_REQUIRED_)
VALUES ('workflow-standard-requirement-status-in_progress', 'workflow-standard-requirement', NULL, 'status-def-in_progress', 'in_progress', '处理中', 'in_progress', 3, 0, 0, 1, 0)
ON CONFLICT(ID_) DO UPDATE SET STAGE_ID_=NULL, STATUS_DEF_ID_=excluded.STATUS_DEF_ID_, KEY_=excluded.KEY_, NAME_=excluded.NAME_, COLUMN_KEY_=excluded.COLUMN_KEY_, POSITION_=excluded.POSITION_, IS_START_=excluded.IS_START_, IS_TERMINAL_=excluded.IS_TERMINAL_, IS_ACTIVE_=1, REVIEW_REQUIRED_=excluded.REVIEW_REQUIRED_;
INSERT INTO workflow_status (ID_, WORKFLOW_ID_, STAGE_ID_, STATUS_DEF_ID_, KEY_, NAME_, COLUMN_KEY_, POSITION_, IS_START_, IS_TERMINAL_, IS_ACTIVE_, REVIEW_REQUIRED_)
VALUES ('workflow-standard-requirement-status-in_review', 'workflow-standard-requirement', NULL, 'status-def-in_review', 'in_review', '待审查', 'in_review', 4, 0, 0, 1, 1)
ON CONFLICT(ID_) DO UPDATE SET STAGE_ID_=NULL, STATUS_DEF_ID_=excluded.STATUS_DEF_ID_, KEY_=excluded.KEY_, NAME_=excluded.NAME_, COLUMN_KEY_=excluded.COLUMN_KEY_, POSITION_=excluded.POSITION_, IS_START_=excluded.IS_START_, IS_TERMINAL_=excluded.IS_TERMINAL_, IS_ACTIVE_=1, REVIEW_REQUIRED_=excluded.REVIEW_REQUIRED_;
INSERT INTO workflow_status (ID_, WORKFLOW_ID_, STAGE_ID_, STATUS_DEF_ID_, KEY_, NAME_, COLUMN_KEY_, POSITION_, IS_START_, IS_TERMINAL_, IS_ACTIVE_, REVIEW_REQUIRED_)
VALUES ('workflow-standard-requirement-status-completed', 'workflow-standard-requirement', NULL, 'status-def-completed', 'completed', '已完成', 'completed', 5, 0, 1, 1, 0)
ON CONFLICT(ID_) DO UPDATE SET STAGE_ID_=NULL, STATUS_DEF_ID_=excluded.STATUS_DEF_ID_, KEY_=excluded.KEY_, NAME_=excluded.NAME_, COLUMN_KEY_=excluded.COLUMN_KEY_, POSITION_=excluded.POSITION_, IS_START_=excluded.IS_START_, IS_TERMINAL_=excluded.IS_TERMINAL_, IS_ACTIVE_=1, REVIEW_REQUIRED_=excluded.REVIEW_REQUIRED_;
INSERT INTO workflow_status (ID_, WORKFLOW_ID_, STAGE_ID_, STATUS_DEF_ID_, KEY_, NAME_, COLUMN_KEY_, POSITION_, IS_START_, IS_TERMINAL_, IS_ACTIVE_, REVIEW_REQUIRED_)
VALUES
	('workflow-standard-requirement-status-waiting_answer', 'workflow-standard-requirement', NULL, 'status-def-waiting_answer', 'waiting_answer', '等待回答', 'in_review', 10, 0, 0, 1, 1),
	('workflow-standard-requirement-status-waiting_submit', 'workflow-standard-requirement', NULL, 'status-def-waiting_submit', 'waiting_submit', '等待提交', 'in_review', 11, 0, 0, 1, 1),
	('workflow-standard-requirement-status-waiting_approval', 'workflow-standard-requirement', NULL, 'status-def-waiting_approval', 'waiting_approval', '等待批准', 'in_review', 12, 0, 0, 1, 1),
	('workflow-standard-requirement-status-success', 'workflow-standard-requirement', NULL, 'status-def-success', 'success', '成功', 'completed', 13, 0, 1, 1, 0),
	('workflow-standard-requirement-status-failed', 'workflow-standard-requirement', NULL, 'status-def-failed', 'failed', '失败', 'completed', 14, 0, 1, 1, 0),
	('workflow-standard-requirement-status-interrupted', 'workflow-standard-requirement', NULL, 'status-def-interrupted', 'interrupted', '中断', 'completed', 15, 0, 1, 1, 0),
	('workflow-standard-requirement-status-testing_waiting_submit', 'workflow-standard-requirement', 'workflow-standard-requirement-stage-testing_acceptance', 'status-def-testing_waiting_submit', 'testing_waiting_submit', '测试等待提交', 'in_review', 40, 0, 0, 1, 1),
	('workflow-standard-requirement-status-testing_in_progress', 'workflow-standard-requirement', 'workflow-standard-requirement-stage-testing_acceptance', 'status-def-testing_in_progress', 'testing_in_progress', '测试中', 'in_progress', 41, 0, 0, 1, 0),
	('workflow-standard-requirement-status-testing_waiting_approval', 'workflow-standard-requirement', 'workflow-standard-requirement-stage-testing_acceptance', 'status-def-testing_waiting_approval', 'testing_waiting_approval', '测试等待批准', 'in_review', 42, 0, 0, 1, 1),
	('workflow-standard-requirement-status-testing_success', 'workflow-standard-requirement', 'workflow-standard-requirement-stage-testing_acceptance', 'status-def-testing_success', 'testing_success', '测试成功', 'completed', 43, 0, 1, 1, 0),
	('workflow-standard-requirement-status-testing_failed', 'workflow-standard-requirement', 'workflow-standard-requirement-stage-testing_acceptance', 'status-def-testing_failed', 'testing_failed', '测试失败', 'completed', 44, 0, 1, 1, 0),
	('workflow-standard-requirement-status-testing_interrupted', 'workflow-standard-requirement', 'workflow-standard-requirement-stage-testing_acceptance', 'status-def-testing_interrupted', 'testing_interrupted', '测试中断', 'completed', 45, 0, 1, 1, 0),
	('workflow-standard-requirement-status-deployment_waiting_submit', 'workflow-standard-requirement', 'workflow-standard-requirement-stage-release', 'status-def-deployment_waiting_submit', 'deployment_waiting_submit', '部署等待提交', 'in_review', 50, 0, 0, 1, 1),
	('workflow-standard-requirement-status-deployment_in_progress', 'workflow-standard-requirement', 'workflow-standard-requirement-stage-release', 'status-def-deployment_in_progress', 'deployment_in_progress', '部署中', 'in_progress', 51, 0, 0, 1, 0),
	('workflow-standard-requirement-status-deployment_waiting_approval', 'workflow-standard-requirement', 'workflow-standard-requirement-stage-release', 'status-def-deployment_waiting_approval', 'deployment_waiting_approval', '部署等待批准', 'in_review', 52, 0, 0, 1, 1),
	('workflow-standard-requirement-status-deployment_success', 'workflow-standard-requirement', 'workflow-standard-requirement-stage-release', 'status-def-deployment_success', 'deployment_success', '部署成功', 'completed', 53, 0, 1, 1, 0),
	('workflow-standard-requirement-status-deployment_failed', 'workflow-standard-requirement', 'workflow-standard-requirement-stage-release', 'status-def-deployment_failed', 'deployment_failed', '部署失败', 'completed', 54, 0, 1, 1, 0),
	('workflow-standard-requirement-status-deployment_interrupted', 'workflow-standard-requirement', 'workflow-standard-requirement-stage-release', 'status-def-deployment_interrupted', 'deployment_interrupted', '部署中断', 'completed', 55, 0, 1, 1, 0)
ON CONFLICT(ID_) DO UPDATE SET STAGE_ID_=excluded.STAGE_ID_, STATUS_DEF_ID_=excluded.STATUS_DEF_ID_, KEY_=excluded.KEY_, NAME_=excluded.NAME_, COLUMN_KEY_=excluded.COLUMN_KEY_, POSITION_=excluded.POSITION_, IS_START_=excluded.IS_START_, IS_TERMINAL_=excluded.IS_TERMINAL_, IS_ACTIVE_=1, REVIEW_REQUIRED_=excluded.REVIEW_REQUIRED_;
INSERT INTO workflow_status (ID_, WORKFLOW_ID_, STAGE_ID_, STATUS_DEF_ID_, KEY_, NAME_, COLUMN_KEY_, POSITION_, IS_START_, IS_TERMINAL_, IS_ACTIVE_, REVIEW_REQUIRED_)
VALUES ('workflow-bug-fix-status-backlog', 'workflow-bug-fix', NULL, 'status-def-backlog', 'backlog', '新建', 'backlog', 1, 1, 0, 1, 0)
ON CONFLICT(ID_) DO UPDATE SET STAGE_ID_=NULL, STATUS_DEF_ID_=excluded.STATUS_DEF_ID_, KEY_=excluded.KEY_, NAME_=excluded.NAME_, COLUMN_KEY_=excluded.COLUMN_KEY_, POSITION_=excluded.POSITION_, IS_START_=excluded.IS_START_, IS_TERMINAL_=excluded.IS_TERMINAL_, IS_ACTIVE_=1, REVIEW_REQUIRED_=excluded.REVIEW_REQUIRED_;
INSERT INTO workflow_status (ID_, WORKFLOW_ID_, STAGE_ID_, STATUS_DEF_ID_, KEY_, NAME_, COLUMN_KEY_, POSITION_, IS_START_, IS_TERMINAL_, IS_ACTIVE_, REVIEW_REQUIRED_)
VALUES ('workflow-bug-fix-status-todo', 'workflow-bug-fix', NULL, 'status-def-todo', 'todo', '待办', 'todo', 2, 0, 0, 1, 0)
ON CONFLICT(ID_) DO UPDATE SET STAGE_ID_=NULL, STATUS_DEF_ID_=excluded.STATUS_DEF_ID_, KEY_=excluded.KEY_, NAME_=excluded.NAME_, COLUMN_KEY_=excluded.COLUMN_KEY_, POSITION_=excluded.POSITION_, IS_START_=excluded.IS_START_, IS_TERMINAL_=excluded.IS_TERMINAL_, IS_ACTIVE_=1, REVIEW_REQUIRED_=excluded.REVIEW_REQUIRED_;
INSERT INTO workflow_status (ID_, WORKFLOW_ID_, STAGE_ID_, STATUS_DEF_ID_, KEY_, NAME_, COLUMN_KEY_, POSITION_, IS_START_, IS_TERMINAL_, IS_ACTIVE_, REVIEW_REQUIRED_)
VALUES ('workflow-bug-fix-status-in_progress', 'workflow-bug-fix', NULL, 'status-def-in_progress', 'in_progress', '处理中', 'in_progress', 3, 0, 0, 1, 0)
ON CONFLICT(ID_) DO UPDATE SET STAGE_ID_=NULL, STATUS_DEF_ID_=excluded.STATUS_DEF_ID_, KEY_=excluded.KEY_, NAME_=excluded.NAME_, COLUMN_KEY_=excluded.COLUMN_KEY_, POSITION_=excluded.POSITION_, IS_START_=excluded.IS_START_, IS_TERMINAL_=excluded.IS_TERMINAL_, IS_ACTIVE_=1, REVIEW_REQUIRED_=excluded.REVIEW_REQUIRED_;
INSERT INTO workflow_status (ID_, WORKFLOW_ID_, STAGE_ID_, STATUS_DEF_ID_, KEY_, NAME_, COLUMN_KEY_, POSITION_, IS_START_, IS_TERMINAL_, IS_ACTIVE_, REVIEW_REQUIRED_)
VALUES ('workflow-bug-fix-status-in_review', 'workflow-bug-fix', NULL, 'status-def-in_review', 'in_review', '待审查', 'in_review', 4, 0, 0, 1, 1)
ON CONFLICT(ID_) DO UPDATE SET STAGE_ID_=NULL, STATUS_DEF_ID_=excluded.STATUS_DEF_ID_, KEY_=excluded.KEY_, NAME_=excluded.NAME_, COLUMN_KEY_=excluded.COLUMN_KEY_, POSITION_=excluded.POSITION_, IS_START_=excluded.IS_START_, IS_TERMINAL_=excluded.IS_TERMINAL_, IS_ACTIVE_=1, REVIEW_REQUIRED_=excluded.REVIEW_REQUIRED_;
INSERT INTO workflow_status (ID_, WORKFLOW_ID_, STAGE_ID_, STATUS_DEF_ID_, KEY_, NAME_, COLUMN_KEY_, POSITION_, IS_START_, IS_TERMINAL_, IS_ACTIVE_, REVIEW_REQUIRED_)
VALUES ('workflow-bug-fix-status-completed', 'workflow-bug-fix', NULL, 'status-def-completed', 'completed', '已完成', 'completed', 5, 0, 1, 1, 0)
ON CONFLICT(ID_) DO UPDATE SET STAGE_ID_=NULL, STATUS_DEF_ID_=excluded.STATUS_DEF_ID_, KEY_=excluded.KEY_, NAME_=excluded.NAME_, COLUMN_KEY_=excluded.COLUMN_KEY_, POSITION_=excluded.POSITION_, IS_START_=excluded.IS_START_, IS_TERMINAL_=excluded.IS_TERMINAL_, IS_ACTIVE_=1, REVIEW_REQUIRED_=excluded.REVIEW_REQUIRED_;
INSERT INTO workflow_status (ID_, WORKFLOW_ID_, STAGE_ID_, STATUS_DEF_ID_, KEY_, NAME_, COLUMN_KEY_, POSITION_, IS_START_, IS_TERMINAL_, IS_ACTIVE_, REVIEW_REQUIRED_)
VALUES ('workflow-optimization-iteration-status-backlog', 'workflow-optimization-iteration', NULL, 'status-def-backlog', 'backlog', '新建', 'backlog', 1, 1, 0, 1, 0)
ON CONFLICT(ID_) DO UPDATE SET STAGE_ID_=NULL, STATUS_DEF_ID_=excluded.STATUS_DEF_ID_, KEY_=excluded.KEY_, NAME_=excluded.NAME_, COLUMN_KEY_=excluded.COLUMN_KEY_, POSITION_=excluded.POSITION_, IS_START_=excluded.IS_START_, IS_TERMINAL_=excluded.IS_TERMINAL_, IS_ACTIVE_=1, REVIEW_REQUIRED_=excluded.REVIEW_REQUIRED_;
INSERT INTO workflow_status (ID_, WORKFLOW_ID_, STAGE_ID_, STATUS_DEF_ID_, KEY_, NAME_, COLUMN_KEY_, POSITION_, IS_START_, IS_TERMINAL_, IS_ACTIVE_, REVIEW_REQUIRED_)
VALUES ('workflow-optimization-iteration-status-todo', 'workflow-optimization-iteration', NULL, 'status-def-todo', 'todo', '待办', 'todo', 2, 0, 0, 1, 0)
ON CONFLICT(ID_) DO UPDATE SET STAGE_ID_=NULL, STATUS_DEF_ID_=excluded.STATUS_DEF_ID_, KEY_=excluded.KEY_, NAME_=excluded.NAME_, COLUMN_KEY_=excluded.COLUMN_KEY_, POSITION_=excluded.POSITION_, IS_START_=excluded.IS_START_, IS_TERMINAL_=excluded.IS_TERMINAL_, IS_ACTIVE_=1, REVIEW_REQUIRED_=excluded.REVIEW_REQUIRED_;
INSERT INTO workflow_status (ID_, WORKFLOW_ID_, STAGE_ID_, STATUS_DEF_ID_, KEY_, NAME_, COLUMN_KEY_, POSITION_, IS_START_, IS_TERMINAL_, IS_ACTIVE_, REVIEW_REQUIRED_)
VALUES ('workflow-optimization-iteration-status-in_progress', 'workflow-optimization-iteration', NULL, 'status-def-in_progress', 'in_progress', '处理中', 'in_progress', 3, 0, 0, 1, 0)
ON CONFLICT(ID_) DO UPDATE SET STAGE_ID_=NULL, STATUS_DEF_ID_=excluded.STATUS_DEF_ID_, KEY_=excluded.KEY_, NAME_=excluded.NAME_, COLUMN_KEY_=excluded.COLUMN_KEY_, POSITION_=excluded.POSITION_, IS_START_=excluded.IS_START_, IS_TERMINAL_=excluded.IS_TERMINAL_, IS_ACTIVE_=1, REVIEW_REQUIRED_=excluded.REVIEW_REQUIRED_;
INSERT INTO workflow_status (ID_, WORKFLOW_ID_, STAGE_ID_, STATUS_DEF_ID_, KEY_, NAME_, COLUMN_KEY_, POSITION_, IS_START_, IS_TERMINAL_, IS_ACTIVE_, REVIEW_REQUIRED_)
VALUES ('workflow-optimization-iteration-status-in_review', 'workflow-optimization-iteration', NULL, 'status-def-in_review', 'in_review', '待审查', 'in_review', 4, 0, 0, 1, 1)
ON CONFLICT(ID_) DO UPDATE SET STAGE_ID_=NULL, STATUS_DEF_ID_=excluded.STATUS_DEF_ID_, KEY_=excluded.KEY_, NAME_=excluded.NAME_, COLUMN_KEY_=excluded.COLUMN_KEY_, POSITION_=excluded.POSITION_, IS_START_=excluded.IS_START_, IS_TERMINAL_=excluded.IS_TERMINAL_, IS_ACTIVE_=1, REVIEW_REQUIRED_=excluded.REVIEW_REQUIRED_;
INSERT INTO workflow_status (ID_, WORKFLOW_ID_, STAGE_ID_, STATUS_DEF_ID_, KEY_, NAME_, COLUMN_KEY_, POSITION_, IS_START_, IS_TERMINAL_, IS_ACTIVE_, REVIEW_REQUIRED_)
VALUES ('workflow-optimization-iteration-status-completed', 'workflow-optimization-iteration', NULL, 'status-def-completed', 'completed', '已完成', 'completed', 5, 0, 1, 1, 0)
ON CONFLICT(ID_) DO UPDATE SET STAGE_ID_=NULL, STATUS_DEF_ID_=excluded.STATUS_DEF_ID_, KEY_=excluded.KEY_, NAME_=excluded.NAME_, COLUMN_KEY_=excluded.COLUMN_KEY_, POSITION_=excluded.POSITION_, IS_START_=excluded.IS_START_, IS_TERMINAL_=excluded.IS_TERMINAL_, IS_ACTIVE_=1, REVIEW_REQUIRED_=excluded.REVIEW_REQUIRED_;
INSERT INTO workflow_status (ID_, WORKFLOW_ID_, STAGE_ID_, STATUS_DEF_ID_, KEY_, NAME_, COLUMN_KEY_, POSITION_, IS_START_, IS_TERMINAL_, IS_ACTIVE_, REVIEW_REQUIRED_)
VALUES ('workflow-free-task-status-backlog', 'workflow-free-task', NULL, 'status-def-backlog', 'backlog', '新建', 'backlog', 1, 1, 0, 1, 0)
ON CONFLICT(ID_) DO UPDATE SET STAGE_ID_=NULL, STATUS_DEF_ID_=excluded.STATUS_DEF_ID_, KEY_=excluded.KEY_, NAME_=excluded.NAME_, COLUMN_KEY_=excluded.COLUMN_KEY_, POSITION_=excluded.POSITION_, IS_START_=excluded.IS_START_, IS_TERMINAL_=excluded.IS_TERMINAL_, IS_ACTIVE_=1, REVIEW_REQUIRED_=excluded.REVIEW_REQUIRED_;
INSERT INTO workflow_status (ID_, WORKFLOW_ID_, STAGE_ID_, STATUS_DEF_ID_, KEY_, NAME_, COLUMN_KEY_, POSITION_, IS_START_, IS_TERMINAL_, IS_ACTIVE_, REVIEW_REQUIRED_)
VALUES ('workflow-free-task-status-todo', 'workflow-free-task', NULL, 'status-def-todo', 'todo', '待办', 'todo', 2, 0, 0, 1, 0)
ON CONFLICT(ID_) DO UPDATE SET STAGE_ID_=NULL, STATUS_DEF_ID_=excluded.STATUS_DEF_ID_, KEY_=excluded.KEY_, NAME_=excluded.NAME_, COLUMN_KEY_=excluded.COLUMN_KEY_, POSITION_=excluded.POSITION_, IS_START_=excluded.IS_START_, IS_TERMINAL_=excluded.IS_TERMINAL_, IS_ACTIVE_=1, REVIEW_REQUIRED_=excluded.REVIEW_REQUIRED_;
INSERT INTO workflow_status (ID_, WORKFLOW_ID_, STAGE_ID_, STATUS_DEF_ID_, KEY_, NAME_, COLUMN_KEY_, POSITION_, IS_START_, IS_TERMINAL_, IS_ACTIVE_, REVIEW_REQUIRED_)
VALUES ('workflow-free-task-status-in_progress', 'workflow-free-task', NULL, 'status-def-in_progress', 'in_progress', '处理中', 'in_progress', 3, 0, 0, 1, 0)
ON CONFLICT(ID_) DO UPDATE SET STAGE_ID_=NULL, STATUS_DEF_ID_=excluded.STATUS_DEF_ID_, KEY_=excluded.KEY_, NAME_=excluded.NAME_, COLUMN_KEY_=excluded.COLUMN_KEY_, POSITION_=excluded.POSITION_, IS_START_=excluded.IS_START_, IS_TERMINAL_=excluded.IS_TERMINAL_, IS_ACTIVE_=1, REVIEW_REQUIRED_=excluded.REVIEW_REQUIRED_;
INSERT INTO workflow_status (ID_, WORKFLOW_ID_, STAGE_ID_, STATUS_DEF_ID_, KEY_, NAME_, COLUMN_KEY_, POSITION_, IS_START_, IS_TERMINAL_, IS_ACTIVE_, REVIEW_REQUIRED_)
VALUES ('workflow-free-task-status-in_review', 'workflow-free-task', NULL, 'status-def-in_review', 'in_review', '待审查', 'in_review', 4, 0, 0, 1, 1)
ON CONFLICT(ID_) DO UPDATE SET STAGE_ID_=NULL, STATUS_DEF_ID_=excluded.STATUS_DEF_ID_, KEY_=excluded.KEY_, NAME_=excluded.NAME_, COLUMN_KEY_=excluded.COLUMN_KEY_, POSITION_=excluded.POSITION_, IS_START_=excluded.IS_START_, IS_TERMINAL_=excluded.IS_TERMINAL_, IS_ACTIVE_=1, REVIEW_REQUIRED_=excluded.REVIEW_REQUIRED_;
INSERT INTO workflow_status (ID_, WORKFLOW_ID_, STAGE_ID_, STATUS_DEF_ID_, KEY_, NAME_, COLUMN_KEY_, POSITION_, IS_START_, IS_TERMINAL_, IS_ACTIVE_, REVIEW_REQUIRED_)
VALUES ('workflow-free-task-status-completed', 'workflow-free-task', NULL, 'status-def-completed', 'completed', '已完成', 'completed', 5, 0, 1, 1, 0)
ON CONFLICT(ID_) DO UPDATE SET STAGE_ID_=NULL, STATUS_DEF_ID_=excluded.STATUS_DEF_ID_, KEY_=excluded.KEY_, NAME_=excluded.NAME_, COLUMN_KEY_=excluded.COLUMN_KEY_, POSITION_=excluded.POSITION_, IS_START_=excluded.IS_START_, IS_TERMINAL_=excluded.IS_TERMINAL_, IS_ACTIVE_=1, REVIEW_REQUIRED_=excluded.REVIEW_REQUIRED_;
INSERT INTO workflow_status (ID_, WORKFLOW_ID_, STAGE_ID_, STATUS_DEF_ID_, KEY_, NAME_, COLUMN_KEY_, POSITION_, IS_START_, IS_TERMINAL_, IS_ACTIVE_, REVIEW_REQUIRED_)
VALUES ('workflow-graphic-publish-status-backlog', 'workflow-graphic-publish', NULL, 'status-def-backlog', 'backlog', '新建', 'backlog', 1, 1, 0, 1, 0)
ON CONFLICT(ID_) DO UPDATE SET STAGE_ID_=NULL, STATUS_DEF_ID_=excluded.STATUS_DEF_ID_, KEY_=excluded.KEY_, NAME_=excluded.NAME_, COLUMN_KEY_=excluded.COLUMN_KEY_, POSITION_=excluded.POSITION_, IS_START_=excluded.IS_START_, IS_TERMINAL_=excluded.IS_TERMINAL_, IS_ACTIVE_=1, REVIEW_REQUIRED_=excluded.REVIEW_REQUIRED_;
INSERT INTO workflow_status (ID_, WORKFLOW_ID_, STAGE_ID_, STATUS_DEF_ID_, KEY_, NAME_, COLUMN_KEY_, POSITION_, IS_START_, IS_TERMINAL_, IS_ACTIVE_, REVIEW_REQUIRED_)
VALUES ('workflow-graphic-publish-status-todo', 'workflow-graphic-publish', NULL, 'status-def-todo', 'todo', '待办', 'todo', 2, 0, 0, 1, 0)
ON CONFLICT(ID_) DO UPDATE SET STAGE_ID_=NULL, STATUS_DEF_ID_=excluded.STATUS_DEF_ID_, KEY_=excluded.KEY_, NAME_=excluded.NAME_, COLUMN_KEY_=excluded.COLUMN_KEY_, POSITION_=excluded.POSITION_, IS_START_=excluded.IS_START_, IS_TERMINAL_=excluded.IS_TERMINAL_, IS_ACTIVE_=1, REVIEW_REQUIRED_=excluded.REVIEW_REQUIRED_;
INSERT INTO workflow_status (ID_, WORKFLOW_ID_, STAGE_ID_, STATUS_DEF_ID_, KEY_, NAME_, COLUMN_KEY_, POSITION_, IS_START_, IS_TERMINAL_, IS_ACTIVE_, REVIEW_REQUIRED_)
VALUES ('workflow-graphic-publish-status-in_progress', 'workflow-graphic-publish', NULL, 'status-def-in_progress', 'in_progress', '处理中', 'in_progress', 3, 0, 0, 1, 0)
ON CONFLICT(ID_) DO UPDATE SET STAGE_ID_=NULL, STATUS_DEF_ID_=excluded.STATUS_DEF_ID_, KEY_=excluded.KEY_, NAME_=excluded.NAME_, COLUMN_KEY_=excluded.COLUMN_KEY_, POSITION_=excluded.POSITION_, IS_START_=excluded.IS_START_, IS_TERMINAL_=excluded.IS_TERMINAL_, IS_ACTIVE_=1, REVIEW_REQUIRED_=excluded.REVIEW_REQUIRED_;
INSERT INTO workflow_status (ID_, WORKFLOW_ID_, STAGE_ID_, STATUS_DEF_ID_, KEY_, NAME_, COLUMN_KEY_, POSITION_, IS_START_, IS_TERMINAL_, IS_ACTIVE_, REVIEW_REQUIRED_)
VALUES ('workflow-graphic-publish-status-in_review', 'workflow-graphic-publish', NULL, 'status-def-in_review', 'in_review', '待审查', 'in_review', 4, 0, 0, 1, 1)
ON CONFLICT(ID_) DO UPDATE SET STAGE_ID_=NULL, STATUS_DEF_ID_=excluded.STATUS_DEF_ID_, KEY_=excluded.KEY_, NAME_=excluded.NAME_, COLUMN_KEY_=excluded.COLUMN_KEY_, POSITION_=excluded.POSITION_, IS_START_=excluded.IS_START_, IS_TERMINAL_=excluded.IS_TERMINAL_, IS_ACTIVE_=1, REVIEW_REQUIRED_=excluded.REVIEW_REQUIRED_;
INSERT INTO workflow_status (ID_, WORKFLOW_ID_, STAGE_ID_, STATUS_DEF_ID_, KEY_, NAME_, COLUMN_KEY_, POSITION_, IS_START_, IS_TERMINAL_, IS_ACTIVE_, REVIEW_REQUIRED_)
VALUES ('workflow-graphic-publish-status-completed', 'workflow-graphic-publish', NULL, 'status-def-completed', 'completed', '已完成', 'completed', 5, 0, 1, 1, 0)
ON CONFLICT(ID_) DO UPDATE SET STAGE_ID_=NULL, STATUS_DEF_ID_=excluded.STATUS_DEF_ID_, KEY_=excluded.KEY_, NAME_=excluded.NAME_, COLUMN_KEY_=excluded.COLUMN_KEY_, POSITION_=excluded.POSITION_, IS_START_=excluded.IS_START_, IS_TERMINAL_=excluded.IS_TERMINAL_, IS_ACTIVE_=1, REVIEW_REQUIRED_=excluded.REVIEW_REQUIRED_;

-- workflow_transition
INSERT INTO workflow_transition (ID_, WORKFLOW_ID_, FROM_STAGE_ID_, FROM_STATUS_ID_, TO_STAGE_ID_, TO_STATUS_ID_, ACTION_KEY_, NAME_, ACTOR_TYPE_, REQUIRES_REVIEW_, POSITION_, CREATED_AT_)
VALUES ('workflow-standard-requirement-transition-001-plan-requirement_clarification-backlog', 'workflow-standard-requirement', 'workflow-standard-requirement-stage-requirement_clarification', 'workflow-standard-requirement-status-backlog', 'workflow-standard-requirement-stage-requirement_clarification', 'workflow-standard-requirement-status-todo', 'plan', '进入待办', 'human', 0, 1, '__NOW__')
ON CONFLICT(ID_) DO UPDATE SET FROM_STAGE_ID_=excluded.FROM_STAGE_ID_, FROM_STATUS_ID_=excluded.FROM_STATUS_ID_, TO_STAGE_ID_=excluded.TO_STAGE_ID_, TO_STATUS_ID_=excluded.TO_STATUS_ID_, ACTION_KEY_=excluded.ACTION_KEY_, NAME_=excluded.NAME_, ACTOR_TYPE_=excluded.ACTOR_TYPE_, REQUIRES_REVIEW_=excluded.REQUIRES_REVIEW_, POSITION_=excluded.POSITION_;
INSERT INTO workflow_transition (ID_, WORKFLOW_ID_, FROM_STAGE_ID_, FROM_STATUS_ID_, TO_STAGE_ID_, TO_STATUS_ID_, ACTION_KEY_, NAME_, ACTOR_TYPE_, REQUIRES_REVIEW_, POSITION_, CREATED_AT_)
VALUES ('workflow-standard-requirement-transition-002-start-requirement_clarification-todo', 'workflow-standard-requirement', 'workflow-standard-requirement-stage-requirement_clarification', 'workflow-standard-requirement-status-todo', 'workflow-standard-requirement-stage-requirement_clarification', 'workflow-standard-requirement-status-in_progress', 'start', '开始处理', 'human', 0, 2, '__NOW__')
ON CONFLICT(ID_) DO UPDATE SET FROM_STAGE_ID_=excluded.FROM_STAGE_ID_, FROM_STATUS_ID_=excluded.FROM_STATUS_ID_, TO_STAGE_ID_=excluded.TO_STAGE_ID_, TO_STATUS_ID_=excluded.TO_STATUS_ID_, ACTION_KEY_=excluded.ACTION_KEY_, NAME_=excluded.NAME_, ACTOR_TYPE_=excluded.ACTOR_TYPE_, REQUIRES_REVIEW_=excluded.REQUIRES_REVIEW_, POSITION_=excluded.POSITION_;
INSERT INTO workflow_transition (ID_, WORKFLOW_ID_, FROM_STAGE_ID_, FROM_STATUS_ID_, TO_STAGE_ID_, TO_STATUS_ID_, ACTION_KEY_, NAME_, ACTOR_TYPE_, REQUIRES_REVIEW_, POSITION_, CREATED_AT_)
VALUES ('workflow-standard-requirement-transition-003-submit_review-requirement_clarification-in_progress', 'workflow-standard-requirement', 'workflow-standard-requirement-stage-requirement_clarification', 'workflow-standard-requirement-status-in_progress', 'workflow-standard-requirement-stage-requirement_clarification', 'workflow-standard-requirement-status-in_review', 'submit_review', '提交审查', 'human', 1, 3, '__NOW__')
ON CONFLICT(ID_) DO UPDATE SET FROM_STAGE_ID_=excluded.FROM_STAGE_ID_, FROM_STATUS_ID_=excluded.FROM_STATUS_ID_, TO_STAGE_ID_=excluded.TO_STAGE_ID_, TO_STATUS_ID_=excluded.TO_STATUS_ID_, ACTION_KEY_=excluded.ACTION_KEY_, NAME_=excluded.NAME_, ACTOR_TYPE_=excluded.ACTOR_TYPE_, REQUIRES_REVIEW_=excluded.REQUIRES_REVIEW_, POSITION_=excluded.POSITION_;
INSERT INTO workflow_transition (ID_, WORKFLOW_ID_, FROM_STAGE_ID_, FROM_STATUS_ID_, TO_STAGE_ID_, TO_STATUS_ID_, ACTION_KEY_, NAME_, ACTOR_TYPE_, REQUIRES_REVIEW_, POSITION_, CREATED_AT_)
VALUES ('workflow-standard-requirement-transition-004-changes_requested-requirement_clarification-in_review', 'workflow-standard-requirement', 'workflow-standard-requirement-stage-requirement_clarification', 'workflow-standard-requirement-status-in_review', 'workflow-standard-requirement-stage-requirement_clarification', 'workflow-standard-requirement-status-in_progress', 'changes_requested', '打回修改', 'human', 1, 4, '__NOW__')
ON CONFLICT(ID_) DO UPDATE SET FROM_STAGE_ID_=excluded.FROM_STAGE_ID_, FROM_STATUS_ID_=excluded.FROM_STATUS_ID_, TO_STAGE_ID_=excluded.TO_STAGE_ID_, TO_STATUS_ID_=excluded.TO_STATUS_ID_, ACTION_KEY_=excluded.ACTION_KEY_, NAME_=excluded.NAME_, ACTOR_TYPE_=excluded.ACTOR_TYPE_, REQUIRES_REVIEW_=excluded.REQUIRES_REVIEW_, POSITION_=excluded.POSITION_;
INSERT INTO workflow_transition (ID_, WORKFLOW_ID_, FROM_STAGE_ID_, FROM_STATUS_ID_, TO_STAGE_ID_, TO_STATUS_ID_, ACTION_KEY_, NAME_, ACTOR_TYPE_, REQUIRES_REVIEW_, POSITION_, CREATED_AT_)
VALUES ('workflow-standard-requirement-transition-005-agent_done-requirement_clarification-in_progress', 'workflow-standard-requirement', 'workflow-standard-requirement-stage-requirement_clarification', 'workflow-standard-requirement-status-in_progress', 'workflow-standard-requirement-stage-requirement_clarification', 'workflow-standard-requirement-status-in_review', 'agent_done', '智能体交付', 'agent', 1, 5, '__NOW__')
ON CONFLICT(ID_) DO UPDATE SET FROM_STAGE_ID_=excluded.FROM_STAGE_ID_, FROM_STATUS_ID_=excluded.FROM_STATUS_ID_, TO_STAGE_ID_=excluded.TO_STAGE_ID_, TO_STATUS_ID_=excluded.TO_STATUS_ID_, ACTION_KEY_=excluded.ACTION_KEY_, NAME_=excluded.NAME_, ACTOR_TYPE_=excluded.ACTOR_TYPE_, REQUIRES_REVIEW_=excluded.REQUIRES_REVIEW_, POSITION_=excluded.POSITION_;
INSERT INTO workflow_transition (ID_, WORKFLOW_ID_, FROM_STAGE_ID_, FROM_STATUS_ID_, TO_STAGE_ID_, TO_STATUS_ID_, ACTION_KEY_, NAME_, ACTOR_TYPE_, REQUIRES_REVIEW_, POSITION_, CREATED_AT_)
VALUES ('workflow-standard-requirement-transition-006-approve-requirement_clarification-in_review', 'workflow-standard-requirement', 'workflow-standard-requirement-stage-requirement_clarification', 'workflow-standard-requirement-status-in_review', 'workflow-standard-requirement-stage-solution_design', 'workflow-standard-requirement-status-todo', 'approve', '审查通过', 'human', 1, 6, '__NOW__')
ON CONFLICT(ID_) DO UPDATE SET FROM_STAGE_ID_=excluded.FROM_STAGE_ID_, FROM_STATUS_ID_=excluded.FROM_STATUS_ID_, TO_STAGE_ID_=excluded.TO_STAGE_ID_, TO_STATUS_ID_=excluded.TO_STATUS_ID_, ACTION_KEY_=excluded.ACTION_KEY_, NAME_=excluded.NAME_, ACTOR_TYPE_=excluded.ACTOR_TYPE_, REQUIRES_REVIEW_=excluded.REQUIRES_REVIEW_, POSITION_=excluded.POSITION_;
INSERT INTO workflow_transition (ID_, WORKFLOW_ID_, FROM_STAGE_ID_, FROM_STATUS_ID_, TO_STAGE_ID_, TO_STATUS_ID_, ACTION_KEY_, NAME_, ACTOR_TYPE_, REQUIRES_REVIEW_, POSITION_, CREATED_AT_)
VALUES ('workflow-standard-requirement-transition-007-reopen-requirement_clarification-completed', 'workflow-standard-requirement', 'workflow-standard-requirement-stage-requirement_clarification', 'workflow-standard-requirement-status-completed', 'workflow-standard-requirement-stage-requirement_clarification', 'workflow-standard-requirement-status-todo', 'reopen', '重新打开', 'human', 0, 7, '__NOW__')
ON CONFLICT(ID_) DO UPDATE SET FROM_STAGE_ID_=excluded.FROM_STAGE_ID_, FROM_STATUS_ID_=excluded.FROM_STATUS_ID_, TO_STAGE_ID_=excluded.TO_STAGE_ID_, TO_STATUS_ID_=excluded.TO_STATUS_ID_, ACTION_KEY_=excluded.ACTION_KEY_, NAME_=excluded.NAME_, ACTOR_TYPE_=excluded.ACTOR_TYPE_, REQUIRES_REVIEW_=excluded.REQUIRES_REVIEW_, POSITION_=excluded.POSITION_;
INSERT INTO workflow_transition (ID_, WORKFLOW_ID_, FROM_STAGE_ID_, FROM_STATUS_ID_, TO_STAGE_ID_, TO_STATUS_ID_, ACTION_KEY_, NAME_, ACTOR_TYPE_, REQUIRES_REVIEW_, POSITION_, CREATED_AT_)
VALUES ('workflow-standard-requirement-transition-008-start-solution_design-todo', 'workflow-standard-requirement', 'workflow-standard-requirement-stage-solution_design', 'workflow-standard-requirement-status-todo', 'workflow-standard-requirement-stage-solution_design', 'workflow-standard-requirement-status-in_progress', 'start', '开始处理', 'human', 0, 8, '__NOW__')
ON CONFLICT(ID_) DO UPDATE SET FROM_STAGE_ID_=excluded.FROM_STAGE_ID_, FROM_STATUS_ID_=excluded.FROM_STATUS_ID_, TO_STAGE_ID_=excluded.TO_STAGE_ID_, TO_STATUS_ID_=excluded.TO_STATUS_ID_, ACTION_KEY_=excluded.ACTION_KEY_, NAME_=excluded.NAME_, ACTOR_TYPE_=excluded.ACTOR_TYPE_, REQUIRES_REVIEW_=excluded.REQUIRES_REVIEW_, POSITION_=excluded.POSITION_;
INSERT INTO workflow_transition (ID_, WORKFLOW_ID_, FROM_STAGE_ID_, FROM_STATUS_ID_, TO_STAGE_ID_, TO_STATUS_ID_, ACTION_KEY_, NAME_, ACTOR_TYPE_, REQUIRES_REVIEW_, POSITION_, CREATED_AT_)
VALUES ('workflow-standard-requirement-transition-009-submit_review-solution_design-in_progress', 'workflow-standard-requirement', 'workflow-standard-requirement-stage-solution_design', 'workflow-standard-requirement-status-in_progress', 'workflow-standard-requirement-stage-solution_design', 'workflow-standard-requirement-status-in_review', 'submit_review', '提交审查', 'human', 1, 9, '__NOW__')
ON CONFLICT(ID_) DO UPDATE SET FROM_STAGE_ID_=excluded.FROM_STAGE_ID_, FROM_STATUS_ID_=excluded.FROM_STATUS_ID_, TO_STAGE_ID_=excluded.TO_STAGE_ID_, TO_STATUS_ID_=excluded.TO_STATUS_ID_, ACTION_KEY_=excluded.ACTION_KEY_, NAME_=excluded.NAME_, ACTOR_TYPE_=excluded.ACTOR_TYPE_, REQUIRES_REVIEW_=excluded.REQUIRES_REVIEW_, POSITION_=excluded.POSITION_;
INSERT INTO workflow_transition (ID_, WORKFLOW_ID_, FROM_STAGE_ID_, FROM_STATUS_ID_, TO_STAGE_ID_, TO_STATUS_ID_, ACTION_KEY_, NAME_, ACTOR_TYPE_, REQUIRES_REVIEW_, POSITION_, CREATED_AT_)
VALUES ('workflow-standard-requirement-transition-010-changes_requested-solution_design-in_review', 'workflow-standard-requirement', 'workflow-standard-requirement-stage-solution_design', 'workflow-standard-requirement-status-in_review', 'workflow-standard-requirement-stage-solution_design', 'workflow-standard-requirement-status-in_progress', 'changes_requested', '打回修改', 'human', 1, 10, '__NOW__')
ON CONFLICT(ID_) DO UPDATE SET FROM_STAGE_ID_=excluded.FROM_STAGE_ID_, FROM_STATUS_ID_=excluded.FROM_STATUS_ID_, TO_STAGE_ID_=excluded.TO_STAGE_ID_, TO_STATUS_ID_=excluded.TO_STATUS_ID_, ACTION_KEY_=excluded.ACTION_KEY_, NAME_=excluded.NAME_, ACTOR_TYPE_=excluded.ACTOR_TYPE_, REQUIRES_REVIEW_=excluded.REQUIRES_REVIEW_, POSITION_=excluded.POSITION_;
INSERT INTO workflow_transition (ID_, WORKFLOW_ID_, FROM_STAGE_ID_, FROM_STATUS_ID_, TO_STAGE_ID_, TO_STATUS_ID_, ACTION_KEY_, NAME_, ACTOR_TYPE_, REQUIRES_REVIEW_, POSITION_, CREATED_AT_)
VALUES ('workflow-standard-requirement-transition-011-agent_done-solution_design-in_progress', 'workflow-standard-requirement', 'workflow-standard-requirement-stage-solution_design', 'workflow-standard-requirement-status-in_progress', 'workflow-standard-requirement-stage-solution_design', 'workflow-standard-requirement-status-in_review', 'agent_done', '智能体交付', 'agent', 1, 11, '__NOW__')
ON CONFLICT(ID_) DO UPDATE SET FROM_STAGE_ID_=excluded.FROM_STAGE_ID_, FROM_STATUS_ID_=excluded.FROM_STATUS_ID_, TO_STAGE_ID_=excluded.TO_STAGE_ID_, TO_STATUS_ID_=excluded.TO_STATUS_ID_, ACTION_KEY_=excluded.ACTION_KEY_, NAME_=excluded.NAME_, ACTOR_TYPE_=excluded.ACTOR_TYPE_, REQUIRES_REVIEW_=excluded.REQUIRES_REVIEW_, POSITION_=excluded.POSITION_;
INSERT INTO workflow_transition (ID_, WORKFLOW_ID_, FROM_STAGE_ID_, FROM_STATUS_ID_, TO_STAGE_ID_, TO_STATUS_ID_, ACTION_KEY_, NAME_, ACTOR_TYPE_, REQUIRES_REVIEW_, POSITION_, CREATED_AT_)
VALUES ('workflow-standard-requirement-transition-012-approve-solution_design-in_review', 'workflow-standard-requirement', 'workflow-standard-requirement-stage-solution_design', 'workflow-standard-requirement-status-in_review', 'workflow-standard-requirement-stage-development', 'workflow-standard-requirement-status-todo', 'approve', '审查通过', 'human', 1, 12, '__NOW__')
ON CONFLICT(ID_) DO UPDATE SET FROM_STAGE_ID_=excluded.FROM_STAGE_ID_, FROM_STATUS_ID_=excluded.FROM_STATUS_ID_, TO_STAGE_ID_=excluded.TO_STAGE_ID_, TO_STATUS_ID_=excluded.TO_STATUS_ID_, ACTION_KEY_=excluded.ACTION_KEY_, NAME_=excluded.NAME_, ACTOR_TYPE_=excluded.ACTOR_TYPE_, REQUIRES_REVIEW_=excluded.REQUIRES_REVIEW_, POSITION_=excluded.POSITION_;
INSERT INTO workflow_transition (ID_, WORKFLOW_ID_, FROM_STAGE_ID_, FROM_STATUS_ID_, TO_STAGE_ID_, TO_STATUS_ID_, ACTION_KEY_, NAME_, ACTOR_TYPE_, REQUIRES_REVIEW_, POSITION_, CREATED_AT_)
VALUES ('workflow-standard-requirement-transition-013-reopen-solution_design-completed', 'workflow-standard-requirement', 'workflow-standard-requirement-stage-solution_design', 'workflow-standard-requirement-status-completed', 'workflow-standard-requirement-stage-solution_design', 'workflow-standard-requirement-status-todo', 'reopen', '重新打开', 'human', 0, 13, '__NOW__')
ON CONFLICT(ID_) DO UPDATE SET FROM_STAGE_ID_=excluded.FROM_STAGE_ID_, FROM_STATUS_ID_=excluded.FROM_STATUS_ID_, TO_STAGE_ID_=excluded.TO_STAGE_ID_, TO_STATUS_ID_=excluded.TO_STATUS_ID_, ACTION_KEY_=excluded.ACTION_KEY_, NAME_=excluded.NAME_, ACTOR_TYPE_=excluded.ACTOR_TYPE_, REQUIRES_REVIEW_=excluded.REQUIRES_REVIEW_, POSITION_=excluded.POSITION_;
INSERT INTO workflow_transition (ID_, WORKFLOW_ID_, FROM_STAGE_ID_, FROM_STATUS_ID_, TO_STAGE_ID_, TO_STATUS_ID_, ACTION_KEY_, NAME_, ACTOR_TYPE_, REQUIRES_REVIEW_, POSITION_, CREATED_AT_)
VALUES ('workflow-standard-requirement-transition-014-start-development-todo', 'workflow-standard-requirement', 'workflow-standard-requirement-stage-development', 'workflow-standard-requirement-status-todo', 'workflow-standard-requirement-stage-development', 'workflow-standard-requirement-status-in_progress', 'start', '开始处理', 'human', 0, 14, '__NOW__')
ON CONFLICT(ID_) DO UPDATE SET FROM_STAGE_ID_=excluded.FROM_STAGE_ID_, FROM_STATUS_ID_=excluded.FROM_STATUS_ID_, TO_STAGE_ID_=excluded.TO_STAGE_ID_, TO_STATUS_ID_=excluded.TO_STATUS_ID_, ACTION_KEY_=excluded.ACTION_KEY_, NAME_=excluded.NAME_, ACTOR_TYPE_=excluded.ACTOR_TYPE_, REQUIRES_REVIEW_=excluded.REQUIRES_REVIEW_, POSITION_=excluded.POSITION_;
INSERT INTO workflow_transition (ID_, WORKFLOW_ID_, FROM_STAGE_ID_, FROM_STATUS_ID_, TO_STAGE_ID_, TO_STATUS_ID_, ACTION_KEY_, NAME_, ACTOR_TYPE_, REQUIRES_REVIEW_, POSITION_, CREATED_AT_)
VALUES ('workflow-standard-requirement-transition-015-submit_review-development-in_progress', 'workflow-standard-requirement', 'workflow-standard-requirement-stage-development', 'workflow-standard-requirement-status-in_progress', 'workflow-standard-requirement-stage-development', 'workflow-standard-requirement-status-in_review', 'submit_review', '提交审查', 'human', 1, 15, '__NOW__')
ON CONFLICT(ID_) DO UPDATE SET FROM_STAGE_ID_=excluded.FROM_STAGE_ID_, FROM_STATUS_ID_=excluded.FROM_STATUS_ID_, TO_STAGE_ID_=excluded.TO_STAGE_ID_, TO_STATUS_ID_=excluded.TO_STATUS_ID_, ACTION_KEY_=excluded.ACTION_KEY_, NAME_=excluded.NAME_, ACTOR_TYPE_=excluded.ACTOR_TYPE_, REQUIRES_REVIEW_=excluded.REQUIRES_REVIEW_, POSITION_=excluded.POSITION_;
INSERT INTO workflow_transition (ID_, WORKFLOW_ID_, FROM_STAGE_ID_, FROM_STATUS_ID_, TO_STAGE_ID_, TO_STATUS_ID_, ACTION_KEY_, NAME_, ACTOR_TYPE_, REQUIRES_REVIEW_, POSITION_, CREATED_AT_)
VALUES ('workflow-standard-requirement-transition-016-changes_requested-development-in_review', 'workflow-standard-requirement', 'workflow-standard-requirement-stage-development', 'workflow-standard-requirement-status-in_review', 'workflow-standard-requirement-stage-development', 'workflow-standard-requirement-status-in_progress', 'changes_requested', '打回修改', 'human', 1, 16, '__NOW__')
ON CONFLICT(ID_) DO UPDATE SET FROM_STAGE_ID_=excluded.FROM_STAGE_ID_, FROM_STATUS_ID_=excluded.FROM_STATUS_ID_, TO_STAGE_ID_=excluded.TO_STAGE_ID_, TO_STATUS_ID_=excluded.TO_STATUS_ID_, ACTION_KEY_=excluded.ACTION_KEY_, NAME_=excluded.NAME_, ACTOR_TYPE_=excluded.ACTOR_TYPE_, REQUIRES_REVIEW_=excluded.REQUIRES_REVIEW_, POSITION_=excluded.POSITION_;
INSERT INTO workflow_transition (ID_, WORKFLOW_ID_, FROM_STAGE_ID_, FROM_STATUS_ID_, TO_STAGE_ID_, TO_STATUS_ID_, ACTION_KEY_, NAME_, ACTOR_TYPE_, REQUIRES_REVIEW_, POSITION_, CREATED_AT_)
VALUES ('workflow-standard-requirement-transition-017-agent_done-development-in_progress', 'workflow-standard-requirement', 'workflow-standard-requirement-stage-development', 'workflow-standard-requirement-status-in_progress', 'workflow-standard-requirement-stage-development', 'workflow-standard-requirement-status-in_review', 'agent_done', '智能体交付', 'agent', 1, 17, '__NOW__')
ON CONFLICT(ID_) DO UPDATE SET FROM_STAGE_ID_=excluded.FROM_STAGE_ID_, FROM_STATUS_ID_=excluded.FROM_STATUS_ID_, TO_STAGE_ID_=excluded.TO_STAGE_ID_, TO_STATUS_ID_=excluded.TO_STATUS_ID_, ACTION_KEY_=excluded.ACTION_KEY_, NAME_=excluded.NAME_, ACTOR_TYPE_=excluded.ACTOR_TYPE_, REQUIRES_REVIEW_=excluded.REQUIRES_REVIEW_, POSITION_=excluded.POSITION_;
INSERT INTO workflow_transition (ID_, WORKFLOW_ID_, FROM_STAGE_ID_, FROM_STATUS_ID_, TO_STAGE_ID_, TO_STATUS_ID_, ACTION_KEY_, NAME_, ACTOR_TYPE_, REQUIRES_REVIEW_, POSITION_, CREATED_AT_)
VALUES ('workflow-standard-requirement-transition-018-approve-development-in_review', 'workflow-standard-requirement', 'workflow-standard-requirement-stage-development', 'workflow-standard-requirement-status-in_review', 'workflow-standard-requirement-stage-testing_acceptance', 'workflow-standard-requirement-status-todo', 'approve', '审查通过', 'human', 1, 18, '__NOW__')
ON CONFLICT(ID_) DO UPDATE SET FROM_STAGE_ID_=excluded.FROM_STAGE_ID_, FROM_STATUS_ID_=excluded.FROM_STATUS_ID_, TO_STAGE_ID_=excluded.TO_STAGE_ID_, TO_STATUS_ID_=excluded.TO_STATUS_ID_, ACTION_KEY_=excluded.ACTION_KEY_, NAME_=excluded.NAME_, ACTOR_TYPE_=excluded.ACTOR_TYPE_, REQUIRES_REVIEW_=excluded.REQUIRES_REVIEW_, POSITION_=excluded.POSITION_;
INSERT INTO workflow_transition (ID_, WORKFLOW_ID_, FROM_STAGE_ID_, FROM_STATUS_ID_, TO_STAGE_ID_, TO_STATUS_ID_, ACTION_KEY_, NAME_, ACTOR_TYPE_, REQUIRES_REVIEW_, POSITION_, CREATED_AT_)
VALUES ('workflow-standard-requirement-transition-019-reopen-development-completed', 'workflow-standard-requirement', 'workflow-standard-requirement-stage-development', 'workflow-standard-requirement-status-completed', 'workflow-standard-requirement-stage-development', 'workflow-standard-requirement-status-todo', 'reopen', '重新打开', 'human', 0, 19, '__NOW__')
ON CONFLICT(ID_) DO UPDATE SET FROM_STAGE_ID_=excluded.FROM_STAGE_ID_, FROM_STATUS_ID_=excluded.FROM_STATUS_ID_, TO_STAGE_ID_=excluded.TO_STAGE_ID_, TO_STATUS_ID_=excluded.TO_STATUS_ID_, ACTION_KEY_=excluded.ACTION_KEY_, NAME_=excluded.NAME_, ACTOR_TYPE_=excluded.ACTOR_TYPE_, REQUIRES_REVIEW_=excluded.REQUIRES_REVIEW_, POSITION_=excluded.POSITION_;
INSERT INTO workflow_transition (ID_, WORKFLOW_ID_, FROM_STAGE_ID_, FROM_STATUS_ID_, TO_STAGE_ID_, TO_STATUS_ID_, ACTION_KEY_, NAME_, ACTOR_TYPE_, REQUIRES_REVIEW_, POSITION_, CREATED_AT_)
VALUES ('workflow-standard-requirement-transition-020-start-testing_acceptance-todo', 'workflow-standard-requirement', 'workflow-standard-requirement-stage-testing_acceptance', 'workflow-standard-requirement-status-todo', 'workflow-standard-requirement-stage-testing_acceptance', 'workflow-standard-requirement-status-in_progress', 'start', '开始处理', 'human', 0, 20, '__NOW__')
ON CONFLICT(ID_) DO UPDATE SET FROM_STAGE_ID_=excluded.FROM_STAGE_ID_, FROM_STATUS_ID_=excluded.FROM_STATUS_ID_, TO_STAGE_ID_=excluded.TO_STAGE_ID_, TO_STATUS_ID_=excluded.TO_STATUS_ID_, ACTION_KEY_=excluded.ACTION_KEY_, NAME_=excluded.NAME_, ACTOR_TYPE_=excluded.ACTOR_TYPE_, REQUIRES_REVIEW_=excluded.REQUIRES_REVIEW_, POSITION_=excluded.POSITION_;
INSERT INTO workflow_transition (ID_, WORKFLOW_ID_, FROM_STAGE_ID_, FROM_STATUS_ID_, TO_STAGE_ID_, TO_STATUS_ID_, ACTION_KEY_, NAME_, ACTOR_TYPE_, REQUIRES_REVIEW_, POSITION_, CREATED_AT_)
VALUES ('workflow-standard-requirement-transition-021-submit_review-testing_acceptance-in_progress', 'workflow-standard-requirement', 'workflow-standard-requirement-stage-testing_acceptance', 'workflow-standard-requirement-status-in_progress', 'workflow-standard-requirement-stage-testing_acceptance', 'workflow-standard-requirement-status-in_review', 'submit_review', '提交审查', 'human', 1, 21, '__NOW__')
ON CONFLICT(ID_) DO UPDATE SET FROM_STAGE_ID_=excluded.FROM_STAGE_ID_, FROM_STATUS_ID_=excluded.FROM_STATUS_ID_, TO_STAGE_ID_=excluded.TO_STAGE_ID_, TO_STATUS_ID_=excluded.TO_STATUS_ID_, ACTION_KEY_=excluded.ACTION_KEY_, NAME_=excluded.NAME_, ACTOR_TYPE_=excluded.ACTOR_TYPE_, REQUIRES_REVIEW_=excluded.REQUIRES_REVIEW_, POSITION_=excluded.POSITION_;
INSERT INTO workflow_transition (ID_, WORKFLOW_ID_, FROM_STAGE_ID_, FROM_STATUS_ID_, TO_STAGE_ID_, TO_STATUS_ID_, ACTION_KEY_, NAME_, ACTOR_TYPE_, REQUIRES_REVIEW_, POSITION_, CREATED_AT_)
VALUES ('workflow-standard-requirement-transition-022-changes_requested-testing_acceptance-in_review', 'workflow-standard-requirement', 'workflow-standard-requirement-stage-testing_acceptance', 'workflow-standard-requirement-status-in_review', 'workflow-standard-requirement-stage-testing_acceptance', 'workflow-standard-requirement-status-in_progress', 'changes_requested', '打回修改', 'human', 1, 22, '__NOW__')
ON CONFLICT(ID_) DO UPDATE SET FROM_STAGE_ID_=excluded.FROM_STAGE_ID_, FROM_STATUS_ID_=excluded.FROM_STATUS_ID_, TO_STAGE_ID_=excluded.TO_STAGE_ID_, TO_STATUS_ID_=excluded.TO_STATUS_ID_, ACTION_KEY_=excluded.ACTION_KEY_, NAME_=excluded.NAME_, ACTOR_TYPE_=excluded.ACTOR_TYPE_, REQUIRES_REVIEW_=excluded.REQUIRES_REVIEW_, POSITION_=excluded.POSITION_;
INSERT INTO workflow_transition (ID_, WORKFLOW_ID_, FROM_STAGE_ID_, FROM_STATUS_ID_, TO_STAGE_ID_, TO_STATUS_ID_, ACTION_KEY_, NAME_, ACTOR_TYPE_, REQUIRES_REVIEW_, POSITION_, CREATED_AT_)
VALUES ('workflow-standard-requirement-transition-023-agent_done-testing_acceptance-in_progress', 'workflow-standard-requirement', 'workflow-standard-requirement-stage-testing_acceptance', 'workflow-standard-requirement-status-in_progress', 'workflow-standard-requirement-stage-testing_acceptance', 'workflow-standard-requirement-status-in_review', 'agent_done', '智能体交付', 'agent', 1, 23, '__NOW__')
ON CONFLICT(ID_) DO UPDATE SET FROM_STAGE_ID_=excluded.FROM_STAGE_ID_, FROM_STATUS_ID_=excluded.FROM_STATUS_ID_, TO_STAGE_ID_=excluded.TO_STAGE_ID_, TO_STATUS_ID_=excluded.TO_STATUS_ID_, ACTION_KEY_=excluded.ACTION_KEY_, NAME_=excluded.NAME_, ACTOR_TYPE_=excluded.ACTOR_TYPE_, REQUIRES_REVIEW_=excluded.REQUIRES_REVIEW_, POSITION_=excluded.POSITION_;
INSERT INTO workflow_transition (ID_, WORKFLOW_ID_, FROM_STAGE_ID_, FROM_STATUS_ID_, TO_STAGE_ID_, TO_STATUS_ID_, ACTION_KEY_, NAME_, ACTOR_TYPE_, REQUIRES_REVIEW_, POSITION_, CREATED_AT_)
VALUES ('workflow-standard-requirement-transition-024-approve-testing_acceptance-in_review', 'workflow-standard-requirement', 'workflow-standard-requirement-stage-testing_acceptance', 'workflow-standard-requirement-status-in_review', 'workflow-standard-requirement-stage-release', 'workflow-standard-requirement-status-todo', 'approve', '审查通过', 'human', 1, 24, '__NOW__')
ON CONFLICT(ID_) DO UPDATE SET FROM_STAGE_ID_=excluded.FROM_STAGE_ID_, FROM_STATUS_ID_=excluded.FROM_STATUS_ID_, TO_STAGE_ID_=excluded.TO_STAGE_ID_, TO_STATUS_ID_=excluded.TO_STATUS_ID_, ACTION_KEY_=excluded.ACTION_KEY_, NAME_=excluded.NAME_, ACTOR_TYPE_=excluded.ACTOR_TYPE_, REQUIRES_REVIEW_=excluded.REQUIRES_REVIEW_, POSITION_=excluded.POSITION_;
INSERT INTO workflow_transition (ID_, WORKFLOW_ID_, FROM_STAGE_ID_, FROM_STATUS_ID_, TO_STAGE_ID_, TO_STATUS_ID_, ACTION_KEY_, NAME_, ACTOR_TYPE_, REQUIRES_REVIEW_, POSITION_, CREATED_AT_)
VALUES ('workflow-standard-requirement-transition-025-reopen-testing_acceptance-completed', 'workflow-standard-requirement', 'workflow-standard-requirement-stage-testing_acceptance', 'workflow-standard-requirement-status-completed', 'workflow-standard-requirement-stage-testing_acceptance', 'workflow-standard-requirement-status-todo', 'reopen', '重新打开', 'human', 0, 25, '__NOW__')
ON CONFLICT(ID_) DO UPDATE SET FROM_STAGE_ID_=excluded.FROM_STAGE_ID_, FROM_STATUS_ID_=excluded.FROM_STATUS_ID_, TO_STAGE_ID_=excluded.TO_STAGE_ID_, TO_STATUS_ID_=excluded.TO_STATUS_ID_, ACTION_KEY_=excluded.ACTION_KEY_, NAME_=excluded.NAME_, ACTOR_TYPE_=excluded.ACTOR_TYPE_, REQUIRES_REVIEW_=excluded.REQUIRES_REVIEW_, POSITION_=excluded.POSITION_;
INSERT INTO workflow_transition (ID_, WORKFLOW_ID_, FROM_STAGE_ID_, FROM_STATUS_ID_, TO_STAGE_ID_, TO_STATUS_ID_, ACTION_KEY_, NAME_, ACTOR_TYPE_, REQUIRES_REVIEW_, POSITION_, CREATED_AT_)
VALUES ('workflow-standard-requirement-transition-026-start-release-todo', 'workflow-standard-requirement', 'workflow-standard-requirement-stage-release', 'workflow-standard-requirement-status-todo', 'workflow-standard-requirement-stage-release', 'workflow-standard-requirement-status-in_progress', 'start', '开始处理', 'human', 0, 26, '__NOW__')
ON CONFLICT(ID_) DO UPDATE SET FROM_STAGE_ID_=excluded.FROM_STAGE_ID_, FROM_STATUS_ID_=excluded.FROM_STATUS_ID_, TO_STAGE_ID_=excluded.TO_STAGE_ID_, TO_STATUS_ID_=excluded.TO_STATUS_ID_, ACTION_KEY_=excluded.ACTION_KEY_, NAME_=excluded.NAME_, ACTOR_TYPE_=excluded.ACTOR_TYPE_, REQUIRES_REVIEW_=excluded.REQUIRES_REVIEW_, POSITION_=excluded.POSITION_;
INSERT INTO workflow_transition (ID_, WORKFLOW_ID_, FROM_STAGE_ID_, FROM_STATUS_ID_, TO_STAGE_ID_, TO_STATUS_ID_, ACTION_KEY_, NAME_, ACTOR_TYPE_, REQUIRES_REVIEW_, POSITION_, CREATED_AT_)
VALUES ('workflow-standard-requirement-transition-027-complete-release-in_progress', 'workflow-standard-requirement', 'workflow-standard-requirement-stage-release', 'workflow-standard-requirement-status-in_progress', 'workflow-standard-requirement-stage-release', 'workflow-standard-requirement-status-completed', 'complete', '完成', 'human', 0, 27, '__NOW__')
ON CONFLICT(ID_) DO UPDATE SET FROM_STAGE_ID_=excluded.FROM_STAGE_ID_, FROM_STATUS_ID_=excluded.FROM_STATUS_ID_, TO_STAGE_ID_=excluded.TO_STAGE_ID_, TO_STATUS_ID_=excluded.TO_STATUS_ID_, ACTION_KEY_=excluded.ACTION_KEY_, NAME_=excluded.NAME_, ACTOR_TYPE_=excluded.ACTOR_TYPE_, REQUIRES_REVIEW_=excluded.REQUIRES_REVIEW_, POSITION_=excluded.POSITION_;
INSERT INTO workflow_transition (ID_, WORKFLOW_ID_, FROM_STAGE_ID_, FROM_STATUS_ID_, TO_STAGE_ID_, TO_STATUS_ID_, ACTION_KEY_, NAME_, ACTOR_TYPE_, REQUIRES_REVIEW_, POSITION_, CREATED_AT_)
VALUES ('workflow-standard-requirement-transition-028-changes_requested-release-in_review', 'workflow-standard-requirement', 'workflow-standard-requirement-stage-release', 'workflow-standard-requirement-status-in_review', 'workflow-standard-requirement-stage-release', 'workflow-standard-requirement-status-in_progress', 'changes_requested', '打回修改', 'human', 1, 28, '__NOW__')
ON CONFLICT(ID_) DO UPDATE SET FROM_STAGE_ID_=excluded.FROM_STAGE_ID_, FROM_STATUS_ID_=excluded.FROM_STATUS_ID_, TO_STAGE_ID_=excluded.TO_STAGE_ID_, TO_STATUS_ID_=excluded.TO_STATUS_ID_, ACTION_KEY_=excluded.ACTION_KEY_, NAME_=excluded.NAME_, ACTOR_TYPE_=excluded.ACTOR_TYPE_, REQUIRES_REVIEW_=excluded.REQUIRES_REVIEW_, POSITION_=excluded.POSITION_;
INSERT INTO workflow_transition (ID_, WORKFLOW_ID_, FROM_STAGE_ID_, FROM_STATUS_ID_, TO_STAGE_ID_, TO_STATUS_ID_, ACTION_KEY_, NAME_, ACTOR_TYPE_, REQUIRES_REVIEW_, POSITION_, CREATED_AT_)
VALUES ('workflow-standard-requirement-transition-029-agent_done-release-in_progress', 'workflow-standard-requirement', 'workflow-standard-requirement-stage-release', 'workflow-standard-requirement-status-in_progress', 'workflow-standard-requirement-stage-release', 'workflow-standard-requirement-status-in_review', 'agent_done', '智能体交付', 'agent', 1, 29, '__NOW__')
ON CONFLICT(ID_) DO UPDATE SET FROM_STAGE_ID_=excluded.FROM_STAGE_ID_, FROM_STATUS_ID_=excluded.FROM_STATUS_ID_, TO_STAGE_ID_=excluded.TO_STAGE_ID_, TO_STATUS_ID_=excluded.TO_STATUS_ID_, ACTION_KEY_=excluded.ACTION_KEY_, NAME_=excluded.NAME_, ACTOR_TYPE_=excluded.ACTOR_TYPE_, REQUIRES_REVIEW_=excluded.REQUIRES_REVIEW_, POSITION_=excluded.POSITION_;
INSERT INTO workflow_transition (ID_, WORKFLOW_ID_, FROM_STAGE_ID_, FROM_STATUS_ID_, TO_STAGE_ID_, TO_STATUS_ID_, ACTION_KEY_, NAME_, ACTOR_TYPE_, REQUIRES_REVIEW_, POSITION_, CREATED_AT_)
VALUES ('workflow-standard-requirement-transition-030-approve-release-in_review', 'workflow-standard-requirement', 'workflow-standard-requirement-stage-release', 'workflow-standard-requirement-status-in_review', 'workflow-standard-requirement-stage-release', 'workflow-standard-requirement-status-completed', 'approve', '审查通过', 'human', 1, 30, '__NOW__')
ON CONFLICT(ID_) DO UPDATE SET FROM_STAGE_ID_=excluded.FROM_STAGE_ID_, FROM_STATUS_ID_=excluded.FROM_STATUS_ID_, TO_STAGE_ID_=excluded.TO_STAGE_ID_, TO_STATUS_ID_=excluded.TO_STATUS_ID_, ACTION_KEY_=excluded.ACTION_KEY_, NAME_=excluded.NAME_, ACTOR_TYPE_=excluded.ACTOR_TYPE_, REQUIRES_REVIEW_=excluded.REQUIRES_REVIEW_, POSITION_=excluded.POSITION_;
INSERT INTO workflow_transition (ID_, WORKFLOW_ID_, FROM_STAGE_ID_, FROM_STATUS_ID_, TO_STAGE_ID_, TO_STATUS_ID_, ACTION_KEY_, NAME_, ACTOR_TYPE_, REQUIRES_REVIEW_, POSITION_, CREATED_AT_)
VALUES ('workflow-standard-requirement-transition-031-reopen-release-completed', 'workflow-standard-requirement', 'workflow-standard-requirement-stage-release', 'workflow-standard-requirement-status-completed', 'workflow-standard-requirement-stage-release', 'workflow-standard-requirement-status-todo', 'reopen', '重新打开', 'human', 0, 31, '__NOW__')
ON CONFLICT(ID_) DO UPDATE SET FROM_STAGE_ID_=excluded.FROM_STAGE_ID_, FROM_STATUS_ID_=excluded.FROM_STATUS_ID_, TO_STAGE_ID_=excluded.TO_STAGE_ID_, TO_STATUS_ID_=excluded.TO_STATUS_ID_, ACTION_KEY_=excluded.ACTION_KEY_, NAME_=excluded.NAME_, ACTOR_TYPE_=excluded.ACTOR_TYPE_, REQUIRES_REVIEW_=excluded.REQUIRES_REVIEW_, POSITION_=excluded.POSITION_;
INSERT INTO workflow_transition (ID_, WORKFLOW_ID_, FROM_STAGE_ID_, FROM_STATUS_ID_, TO_STAGE_ID_, TO_STATUS_ID_, ACTION_KEY_, NAME_, ACTOR_TYPE_, REQUIRES_REVIEW_, POSITION_, CREATED_AT_)
VALUES ('workflow-bug-fix-transition-001-plan-issue_triage-backlog', 'workflow-bug-fix', 'workflow-bug-fix-stage-issue_triage', 'workflow-bug-fix-status-backlog', 'workflow-bug-fix-stage-issue_triage', 'workflow-bug-fix-status-todo', 'plan', '进入待办', 'human', 0, 1, '__NOW__')
ON CONFLICT(ID_) DO UPDATE SET FROM_STAGE_ID_=excluded.FROM_STAGE_ID_, FROM_STATUS_ID_=excluded.FROM_STATUS_ID_, TO_STAGE_ID_=excluded.TO_STAGE_ID_, TO_STATUS_ID_=excluded.TO_STATUS_ID_, ACTION_KEY_=excluded.ACTION_KEY_, NAME_=excluded.NAME_, ACTOR_TYPE_=excluded.ACTOR_TYPE_, REQUIRES_REVIEW_=excluded.REQUIRES_REVIEW_, POSITION_=excluded.POSITION_;
INSERT INTO workflow_transition (ID_, WORKFLOW_ID_, FROM_STAGE_ID_, FROM_STATUS_ID_, TO_STAGE_ID_, TO_STATUS_ID_, ACTION_KEY_, NAME_, ACTOR_TYPE_, REQUIRES_REVIEW_, POSITION_, CREATED_AT_)
VALUES ('workflow-bug-fix-transition-002-start-issue_triage-todo', 'workflow-bug-fix', 'workflow-bug-fix-stage-issue_triage', 'workflow-bug-fix-status-todo', 'workflow-bug-fix-stage-issue_triage', 'workflow-bug-fix-status-in_progress', 'start', '开始处理', 'human', 0, 2, '__NOW__')
ON CONFLICT(ID_) DO UPDATE SET FROM_STAGE_ID_=excluded.FROM_STAGE_ID_, FROM_STATUS_ID_=excluded.FROM_STATUS_ID_, TO_STAGE_ID_=excluded.TO_STAGE_ID_, TO_STATUS_ID_=excluded.TO_STATUS_ID_, ACTION_KEY_=excluded.ACTION_KEY_, NAME_=excluded.NAME_, ACTOR_TYPE_=excluded.ACTOR_TYPE_, REQUIRES_REVIEW_=excluded.REQUIRES_REVIEW_, POSITION_=excluded.POSITION_;
INSERT INTO workflow_transition (ID_, WORKFLOW_ID_, FROM_STAGE_ID_, FROM_STATUS_ID_, TO_STAGE_ID_, TO_STATUS_ID_, ACTION_KEY_, NAME_, ACTOR_TYPE_, REQUIRES_REVIEW_, POSITION_, CREATED_AT_)
VALUES ('workflow-bug-fix-transition-003-complete_stage-issue_triage-in_progress', 'workflow-bug-fix', 'workflow-bug-fix-stage-issue_triage', 'workflow-bug-fix-status-in_progress', 'workflow-bug-fix-stage-reproduce_diagnose', 'workflow-bug-fix-status-todo', 'complete_stage', '阶段完成', 'human', 0, 3, '__NOW__')
ON CONFLICT(ID_) DO UPDATE SET FROM_STAGE_ID_=excluded.FROM_STAGE_ID_, FROM_STATUS_ID_=excluded.FROM_STATUS_ID_, TO_STAGE_ID_=excluded.TO_STAGE_ID_, TO_STATUS_ID_=excluded.TO_STATUS_ID_, ACTION_KEY_=excluded.ACTION_KEY_, NAME_=excluded.NAME_, ACTOR_TYPE_=excluded.ACTOR_TYPE_, REQUIRES_REVIEW_=excluded.REQUIRES_REVIEW_, POSITION_=excluded.POSITION_;
INSERT INTO workflow_transition (ID_, WORKFLOW_ID_, FROM_STAGE_ID_, FROM_STATUS_ID_, TO_STAGE_ID_, TO_STATUS_ID_, ACTION_KEY_, NAME_, ACTOR_TYPE_, REQUIRES_REVIEW_, POSITION_, CREATED_AT_)
VALUES ('workflow-bug-fix-transition-004-changes_requested-issue_triage-in_review', 'workflow-bug-fix', 'workflow-bug-fix-stage-issue_triage', 'workflow-bug-fix-status-in_review', 'workflow-bug-fix-stage-issue_triage', 'workflow-bug-fix-status-in_progress', 'changes_requested', '打回修改', 'human', 1, 4, '__NOW__')
ON CONFLICT(ID_) DO UPDATE SET FROM_STAGE_ID_=excluded.FROM_STAGE_ID_, FROM_STATUS_ID_=excluded.FROM_STATUS_ID_, TO_STAGE_ID_=excluded.TO_STAGE_ID_, TO_STATUS_ID_=excluded.TO_STATUS_ID_, ACTION_KEY_=excluded.ACTION_KEY_, NAME_=excluded.NAME_, ACTOR_TYPE_=excluded.ACTOR_TYPE_, REQUIRES_REVIEW_=excluded.REQUIRES_REVIEW_, POSITION_=excluded.POSITION_;
INSERT INTO workflow_transition (ID_, WORKFLOW_ID_, FROM_STAGE_ID_, FROM_STATUS_ID_, TO_STAGE_ID_, TO_STATUS_ID_, ACTION_KEY_, NAME_, ACTOR_TYPE_, REQUIRES_REVIEW_, POSITION_, CREATED_AT_)
VALUES ('workflow-bug-fix-transition-005-agent_done-issue_triage-in_progress', 'workflow-bug-fix', 'workflow-bug-fix-stage-issue_triage', 'workflow-bug-fix-status-in_progress', 'workflow-bug-fix-stage-issue_triage', 'workflow-bug-fix-status-in_review', 'agent_done', '智能体交付', 'agent', 1, 5, '__NOW__')
ON CONFLICT(ID_) DO UPDATE SET FROM_STAGE_ID_=excluded.FROM_STAGE_ID_, FROM_STATUS_ID_=excluded.FROM_STATUS_ID_, TO_STAGE_ID_=excluded.TO_STAGE_ID_, TO_STATUS_ID_=excluded.TO_STATUS_ID_, ACTION_KEY_=excluded.ACTION_KEY_, NAME_=excluded.NAME_, ACTOR_TYPE_=excluded.ACTOR_TYPE_, REQUIRES_REVIEW_=excluded.REQUIRES_REVIEW_, POSITION_=excluded.POSITION_;
INSERT INTO workflow_transition (ID_, WORKFLOW_ID_, FROM_STAGE_ID_, FROM_STATUS_ID_, TO_STAGE_ID_, TO_STATUS_ID_, ACTION_KEY_, NAME_, ACTOR_TYPE_, REQUIRES_REVIEW_, POSITION_, CREATED_AT_)
VALUES ('workflow-bug-fix-transition-006-approve-issue_triage-in_review', 'workflow-bug-fix', 'workflow-bug-fix-stage-issue_triage', 'workflow-bug-fix-status-in_review', 'workflow-bug-fix-stage-reproduce_diagnose', 'workflow-bug-fix-status-todo', 'approve', '审查通过', 'human', 1, 6, '__NOW__')
ON CONFLICT(ID_) DO UPDATE SET FROM_STAGE_ID_=excluded.FROM_STAGE_ID_, FROM_STATUS_ID_=excluded.FROM_STATUS_ID_, TO_STAGE_ID_=excluded.TO_STAGE_ID_, TO_STATUS_ID_=excluded.TO_STATUS_ID_, ACTION_KEY_=excluded.ACTION_KEY_, NAME_=excluded.NAME_, ACTOR_TYPE_=excluded.ACTOR_TYPE_, REQUIRES_REVIEW_=excluded.REQUIRES_REVIEW_, POSITION_=excluded.POSITION_;
INSERT INTO workflow_transition (ID_, WORKFLOW_ID_, FROM_STAGE_ID_, FROM_STATUS_ID_, TO_STAGE_ID_, TO_STATUS_ID_, ACTION_KEY_, NAME_, ACTOR_TYPE_, REQUIRES_REVIEW_, POSITION_, CREATED_AT_)
VALUES ('workflow-bug-fix-transition-007-reopen-issue_triage-completed', 'workflow-bug-fix', 'workflow-bug-fix-stage-issue_triage', 'workflow-bug-fix-status-completed', 'workflow-bug-fix-stage-issue_triage', 'workflow-bug-fix-status-todo', 'reopen', '重新打开', 'human', 0, 7, '__NOW__')
ON CONFLICT(ID_) DO UPDATE SET FROM_STAGE_ID_=excluded.FROM_STAGE_ID_, FROM_STATUS_ID_=excluded.FROM_STATUS_ID_, TO_STAGE_ID_=excluded.TO_STAGE_ID_, TO_STATUS_ID_=excluded.TO_STATUS_ID_, ACTION_KEY_=excluded.ACTION_KEY_, NAME_=excluded.NAME_, ACTOR_TYPE_=excluded.ACTOR_TYPE_, REQUIRES_REVIEW_=excluded.REQUIRES_REVIEW_, POSITION_=excluded.POSITION_;
INSERT INTO workflow_transition (ID_, WORKFLOW_ID_, FROM_STAGE_ID_, FROM_STATUS_ID_, TO_STAGE_ID_, TO_STATUS_ID_, ACTION_KEY_, NAME_, ACTOR_TYPE_, REQUIRES_REVIEW_, POSITION_, CREATED_AT_)
VALUES ('workflow-bug-fix-transition-008-start-reproduce_diagnose-todo', 'workflow-bug-fix', 'workflow-bug-fix-stage-reproduce_diagnose', 'workflow-bug-fix-status-todo', 'workflow-bug-fix-stage-reproduce_diagnose', 'workflow-bug-fix-status-in_progress', 'start', '开始处理', 'human', 0, 8, '__NOW__')
ON CONFLICT(ID_) DO UPDATE SET FROM_STAGE_ID_=excluded.FROM_STAGE_ID_, FROM_STATUS_ID_=excluded.FROM_STATUS_ID_, TO_STAGE_ID_=excluded.TO_STAGE_ID_, TO_STATUS_ID_=excluded.TO_STATUS_ID_, ACTION_KEY_=excluded.ACTION_KEY_, NAME_=excluded.NAME_, ACTOR_TYPE_=excluded.ACTOR_TYPE_, REQUIRES_REVIEW_=excluded.REQUIRES_REVIEW_, POSITION_=excluded.POSITION_;
INSERT INTO workflow_transition (ID_, WORKFLOW_ID_, FROM_STAGE_ID_, FROM_STATUS_ID_, TO_STAGE_ID_, TO_STATUS_ID_, ACTION_KEY_, NAME_, ACTOR_TYPE_, REQUIRES_REVIEW_, POSITION_, CREATED_AT_)
VALUES ('workflow-bug-fix-transition-009-complete_stage-reproduce_diagnose-in_progress', 'workflow-bug-fix', 'workflow-bug-fix-stage-reproduce_diagnose', 'workflow-bug-fix-status-in_progress', 'workflow-bug-fix-stage-fix_implementation', 'workflow-bug-fix-status-todo', 'complete_stage', '阶段完成', 'human', 0, 9, '__NOW__')
ON CONFLICT(ID_) DO UPDATE SET FROM_STAGE_ID_=excluded.FROM_STAGE_ID_, FROM_STATUS_ID_=excluded.FROM_STATUS_ID_, TO_STAGE_ID_=excluded.TO_STAGE_ID_, TO_STATUS_ID_=excluded.TO_STATUS_ID_, ACTION_KEY_=excluded.ACTION_KEY_, NAME_=excluded.NAME_, ACTOR_TYPE_=excluded.ACTOR_TYPE_, REQUIRES_REVIEW_=excluded.REQUIRES_REVIEW_, POSITION_=excluded.POSITION_;
INSERT INTO workflow_transition (ID_, WORKFLOW_ID_, FROM_STAGE_ID_, FROM_STATUS_ID_, TO_STAGE_ID_, TO_STATUS_ID_, ACTION_KEY_, NAME_, ACTOR_TYPE_, REQUIRES_REVIEW_, POSITION_, CREATED_AT_)
VALUES ('workflow-bug-fix-transition-010-changes_requested-reproduce_diagnose-in_review', 'workflow-bug-fix', 'workflow-bug-fix-stage-reproduce_diagnose', 'workflow-bug-fix-status-in_review', 'workflow-bug-fix-stage-reproduce_diagnose', 'workflow-bug-fix-status-in_progress', 'changes_requested', '打回修改', 'human', 1, 10, '__NOW__')
ON CONFLICT(ID_) DO UPDATE SET FROM_STAGE_ID_=excluded.FROM_STAGE_ID_, FROM_STATUS_ID_=excluded.FROM_STATUS_ID_, TO_STAGE_ID_=excluded.TO_STAGE_ID_, TO_STATUS_ID_=excluded.TO_STATUS_ID_, ACTION_KEY_=excluded.ACTION_KEY_, NAME_=excluded.NAME_, ACTOR_TYPE_=excluded.ACTOR_TYPE_, REQUIRES_REVIEW_=excluded.REQUIRES_REVIEW_, POSITION_=excluded.POSITION_;
INSERT INTO workflow_transition (ID_, WORKFLOW_ID_, FROM_STAGE_ID_, FROM_STATUS_ID_, TO_STAGE_ID_, TO_STATUS_ID_, ACTION_KEY_, NAME_, ACTOR_TYPE_, REQUIRES_REVIEW_, POSITION_, CREATED_AT_)
VALUES ('workflow-bug-fix-transition-011-agent_done-reproduce_diagnose-in_progress', 'workflow-bug-fix', 'workflow-bug-fix-stage-reproduce_diagnose', 'workflow-bug-fix-status-in_progress', 'workflow-bug-fix-stage-reproduce_diagnose', 'workflow-bug-fix-status-in_review', 'agent_done', '智能体交付', 'agent', 1, 11, '__NOW__')
ON CONFLICT(ID_) DO UPDATE SET FROM_STAGE_ID_=excluded.FROM_STAGE_ID_, FROM_STATUS_ID_=excluded.FROM_STATUS_ID_, TO_STAGE_ID_=excluded.TO_STAGE_ID_, TO_STATUS_ID_=excluded.TO_STATUS_ID_, ACTION_KEY_=excluded.ACTION_KEY_, NAME_=excluded.NAME_, ACTOR_TYPE_=excluded.ACTOR_TYPE_, REQUIRES_REVIEW_=excluded.REQUIRES_REVIEW_, POSITION_=excluded.POSITION_;
INSERT INTO workflow_transition (ID_, WORKFLOW_ID_, FROM_STAGE_ID_, FROM_STATUS_ID_, TO_STAGE_ID_, TO_STATUS_ID_, ACTION_KEY_, NAME_, ACTOR_TYPE_, REQUIRES_REVIEW_, POSITION_, CREATED_AT_)
VALUES ('workflow-bug-fix-transition-012-approve-reproduce_diagnose-in_review', 'workflow-bug-fix', 'workflow-bug-fix-stage-reproduce_diagnose', 'workflow-bug-fix-status-in_review', 'workflow-bug-fix-stage-fix_implementation', 'workflow-bug-fix-status-todo', 'approve', '审查通过', 'human', 1, 12, '__NOW__')
ON CONFLICT(ID_) DO UPDATE SET FROM_STAGE_ID_=excluded.FROM_STAGE_ID_, FROM_STATUS_ID_=excluded.FROM_STATUS_ID_, TO_STAGE_ID_=excluded.TO_STAGE_ID_, TO_STATUS_ID_=excluded.TO_STATUS_ID_, ACTION_KEY_=excluded.ACTION_KEY_, NAME_=excluded.NAME_, ACTOR_TYPE_=excluded.ACTOR_TYPE_, REQUIRES_REVIEW_=excluded.REQUIRES_REVIEW_, POSITION_=excluded.POSITION_;
INSERT INTO workflow_transition (ID_, WORKFLOW_ID_, FROM_STAGE_ID_, FROM_STATUS_ID_, TO_STAGE_ID_, TO_STATUS_ID_, ACTION_KEY_, NAME_, ACTOR_TYPE_, REQUIRES_REVIEW_, POSITION_, CREATED_AT_)
VALUES ('workflow-bug-fix-transition-013-reopen-reproduce_diagnose-completed', 'workflow-bug-fix', 'workflow-bug-fix-stage-reproduce_diagnose', 'workflow-bug-fix-status-completed', 'workflow-bug-fix-stage-reproduce_diagnose', 'workflow-bug-fix-status-todo', 'reopen', '重新打开', 'human', 0, 13, '__NOW__')
ON CONFLICT(ID_) DO UPDATE SET FROM_STAGE_ID_=excluded.FROM_STAGE_ID_, FROM_STATUS_ID_=excluded.FROM_STATUS_ID_, TO_STAGE_ID_=excluded.TO_STAGE_ID_, TO_STATUS_ID_=excluded.TO_STATUS_ID_, ACTION_KEY_=excluded.ACTION_KEY_, NAME_=excluded.NAME_, ACTOR_TYPE_=excluded.ACTOR_TYPE_, REQUIRES_REVIEW_=excluded.REQUIRES_REVIEW_, POSITION_=excluded.POSITION_;
INSERT INTO workflow_transition (ID_, WORKFLOW_ID_, FROM_STAGE_ID_, FROM_STATUS_ID_, TO_STAGE_ID_, TO_STATUS_ID_, ACTION_KEY_, NAME_, ACTOR_TYPE_, REQUIRES_REVIEW_, POSITION_, CREATED_AT_)
VALUES ('workflow-bug-fix-transition-014-start-fix_implementation-todo', 'workflow-bug-fix', 'workflow-bug-fix-stage-fix_implementation', 'workflow-bug-fix-status-todo', 'workflow-bug-fix-stage-fix_implementation', 'workflow-bug-fix-status-in_progress', 'start', '开始处理', 'human', 0, 14, '__NOW__')
ON CONFLICT(ID_) DO UPDATE SET FROM_STAGE_ID_=excluded.FROM_STAGE_ID_, FROM_STATUS_ID_=excluded.FROM_STATUS_ID_, TO_STAGE_ID_=excluded.TO_STAGE_ID_, TO_STATUS_ID_=excluded.TO_STATUS_ID_, ACTION_KEY_=excluded.ACTION_KEY_, NAME_=excluded.NAME_, ACTOR_TYPE_=excluded.ACTOR_TYPE_, REQUIRES_REVIEW_=excluded.REQUIRES_REVIEW_, POSITION_=excluded.POSITION_;
INSERT INTO workflow_transition (ID_, WORKFLOW_ID_, FROM_STAGE_ID_, FROM_STATUS_ID_, TO_STAGE_ID_, TO_STATUS_ID_, ACTION_KEY_, NAME_, ACTOR_TYPE_, REQUIRES_REVIEW_, POSITION_, CREATED_AT_)
VALUES ('workflow-bug-fix-transition-015-submit_review-fix_implementation-in_progress', 'workflow-bug-fix', 'workflow-bug-fix-stage-fix_implementation', 'workflow-bug-fix-status-in_progress', 'workflow-bug-fix-stage-fix_implementation', 'workflow-bug-fix-status-in_review', 'submit_review', '提交审查', 'human', 1, 15, '__NOW__')
ON CONFLICT(ID_) DO UPDATE SET FROM_STAGE_ID_=excluded.FROM_STAGE_ID_, FROM_STATUS_ID_=excluded.FROM_STATUS_ID_, TO_STAGE_ID_=excluded.TO_STAGE_ID_, TO_STATUS_ID_=excluded.TO_STATUS_ID_, ACTION_KEY_=excluded.ACTION_KEY_, NAME_=excluded.NAME_, ACTOR_TYPE_=excluded.ACTOR_TYPE_, REQUIRES_REVIEW_=excluded.REQUIRES_REVIEW_, POSITION_=excluded.POSITION_;
INSERT INTO workflow_transition (ID_, WORKFLOW_ID_, FROM_STAGE_ID_, FROM_STATUS_ID_, TO_STAGE_ID_, TO_STATUS_ID_, ACTION_KEY_, NAME_, ACTOR_TYPE_, REQUIRES_REVIEW_, POSITION_, CREATED_AT_)
VALUES ('workflow-bug-fix-transition-016-changes_requested-fix_implementation-in_review', 'workflow-bug-fix', 'workflow-bug-fix-stage-fix_implementation', 'workflow-bug-fix-status-in_review', 'workflow-bug-fix-stage-fix_implementation', 'workflow-bug-fix-status-in_progress', 'changes_requested', '打回修改', 'human', 1, 16, '__NOW__')
ON CONFLICT(ID_) DO UPDATE SET FROM_STAGE_ID_=excluded.FROM_STAGE_ID_, FROM_STATUS_ID_=excluded.FROM_STATUS_ID_, TO_STAGE_ID_=excluded.TO_STAGE_ID_, TO_STATUS_ID_=excluded.TO_STATUS_ID_, ACTION_KEY_=excluded.ACTION_KEY_, NAME_=excluded.NAME_, ACTOR_TYPE_=excluded.ACTOR_TYPE_, REQUIRES_REVIEW_=excluded.REQUIRES_REVIEW_, POSITION_=excluded.POSITION_;
INSERT INTO workflow_transition (ID_, WORKFLOW_ID_, FROM_STAGE_ID_, FROM_STATUS_ID_, TO_STAGE_ID_, TO_STATUS_ID_, ACTION_KEY_, NAME_, ACTOR_TYPE_, REQUIRES_REVIEW_, POSITION_, CREATED_AT_)
VALUES ('workflow-bug-fix-transition-017-agent_done-fix_implementation-in_progress', 'workflow-bug-fix', 'workflow-bug-fix-stage-fix_implementation', 'workflow-bug-fix-status-in_progress', 'workflow-bug-fix-stage-fix_implementation', 'workflow-bug-fix-status-in_review', 'agent_done', '智能体交付', 'agent', 1, 17, '__NOW__')
ON CONFLICT(ID_) DO UPDATE SET FROM_STAGE_ID_=excluded.FROM_STAGE_ID_, FROM_STATUS_ID_=excluded.FROM_STATUS_ID_, TO_STAGE_ID_=excluded.TO_STAGE_ID_, TO_STATUS_ID_=excluded.TO_STATUS_ID_, ACTION_KEY_=excluded.ACTION_KEY_, NAME_=excluded.NAME_, ACTOR_TYPE_=excluded.ACTOR_TYPE_, REQUIRES_REVIEW_=excluded.REQUIRES_REVIEW_, POSITION_=excluded.POSITION_;
INSERT INTO workflow_transition (ID_, WORKFLOW_ID_, FROM_STAGE_ID_, FROM_STATUS_ID_, TO_STAGE_ID_, TO_STATUS_ID_, ACTION_KEY_, NAME_, ACTOR_TYPE_, REQUIRES_REVIEW_, POSITION_, CREATED_AT_)
VALUES ('workflow-bug-fix-transition-018-approve-fix_implementation-in_review', 'workflow-bug-fix', 'workflow-bug-fix-stage-fix_implementation', 'workflow-bug-fix-status-in_review', 'workflow-bug-fix-stage-regression_verification', 'workflow-bug-fix-status-todo', 'approve', '审查通过', 'human', 1, 18, '__NOW__')
ON CONFLICT(ID_) DO UPDATE SET FROM_STAGE_ID_=excluded.FROM_STAGE_ID_, FROM_STATUS_ID_=excluded.FROM_STATUS_ID_, TO_STAGE_ID_=excluded.TO_STAGE_ID_, TO_STATUS_ID_=excluded.TO_STATUS_ID_, ACTION_KEY_=excluded.ACTION_KEY_, NAME_=excluded.NAME_, ACTOR_TYPE_=excluded.ACTOR_TYPE_, REQUIRES_REVIEW_=excluded.REQUIRES_REVIEW_, POSITION_=excluded.POSITION_;
INSERT INTO workflow_transition (ID_, WORKFLOW_ID_, FROM_STAGE_ID_, FROM_STATUS_ID_, TO_STAGE_ID_, TO_STATUS_ID_, ACTION_KEY_, NAME_, ACTOR_TYPE_, REQUIRES_REVIEW_, POSITION_, CREATED_AT_)
VALUES ('workflow-bug-fix-transition-019-reopen-fix_implementation-completed', 'workflow-bug-fix', 'workflow-bug-fix-stage-fix_implementation', 'workflow-bug-fix-status-completed', 'workflow-bug-fix-stage-fix_implementation', 'workflow-bug-fix-status-todo', 'reopen', '重新打开', 'human', 0, 19, '__NOW__')
ON CONFLICT(ID_) DO UPDATE SET FROM_STAGE_ID_=excluded.FROM_STAGE_ID_, FROM_STATUS_ID_=excluded.FROM_STATUS_ID_, TO_STAGE_ID_=excluded.TO_STAGE_ID_, TO_STATUS_ID_=excluded.TO_STATUS_ID_, ACTION_KEY_=excluded.ACTION_KEY_, NAME_=excluded.NAME_, ACTOR_TYPE_=excluded.ACTOR_TYPE_, REQUIRES_REVIEW_=excluded.REQUIRES_REVIEW_, POSITION_=excluded.POSITION_;
INSERT INTO workflow_transition (ID_, WORKFLOW_ID_, FROM_STAGE_ID_, FROM_STATUS_ID_, TO_STAGE_ID_, TO_STATUS_ID_, ACTION_KEY_, NAME_, ACTOR_TYPE_, REQUIRES_REVIEW_, POSITION_, CREATED_AT_)
VALUES ('workflow-bug-fix-transition-020-start-regression_verification-todo', 'workflow-bug-fix', 'workflow-bug-fix-stage-regression_verification', 'workflow-bug-fix-status-todo', 'workflow-bug-fix-stage-regression_verification', 'workflow-bug-fix-status-in_progress', 'start', '开始处理', 'human', 0, 20, '__NOW__')
ON CONFLICT(ID_) DO UPDATE SET FROM_STAGE_ID_=excluded.FROM_STAGE_ID_, FROM_STATUS_ID_=excluded.FROM_STATUS_ID_, TO_STAGE_ID_=excluded.TO_STAGE_ID_, TO_STATUS_ID_=excluded.TO_STATUS_ID_, ACTION_KEY_=excluded.ACTION_KEY_, NAME_=excluded.NAME_, ACTOR_TYPE_=excluded.ACTOR_TYPE_, REQUIRES_REVIEW_=excluded.REQUIRES_REVIEW_, POSITION_=excluded.POSITION_;
INSERT INTO workflow_transition (ID_, WORKFLOW_ID_, FROM_STAGE_ID_, FROM_STATUS_ID_, TO_STAGE_ID_, TO_STATUS_ID_, ACTION_KEY_, NAME_, ACTOR_TYPE_, REQUIRES_REVIEW_, POSITION_, CREATED_AT_)
VALUES ('workflow-bug-fix-transition-021-submit_review-regression_verification-in_progress', 'workflow-bug-fix', 'workflow-bug-fix-stage-regression_verification', 'workflow-bug-fix-status-in_progress', 'workflow-bug-fix-stage-regression_verification', 'workflow-bug-fix-status-in_review', 'submit_review', '提交审查', 'human', 1, 21, '__NOW__')
ON CONFLICT(ID_) DO UPDATE SET FROM_STAGE_ID_=excluded.FROM_STAGE_ID_, FROM_STATUS_ID_=excluded.FROM_STATUS_ID_, TO_STAGE_ID_=excluded.TO_STAGE_ID_, TO_STATUS_ID_=excluded.TO_STATUS_ID_, ACTION_KEY_=excluded.ACTION_KEY_, NAME_=excluded.NAME_, ACTOR_TYPE_=excluded.ACTOR_TYPE_, REQUIRES_REVIEW_=excluded.REQUIRES_REVIEW_, POSITION_=excluded.POSITION_;
INSERT INTO workflow_transition (ID_, WORKFLOW_ID_, FROM_STAGE_ID_, FROM_STATUS_ID_, TO_STAGE_ID_, TO_STATUS_ID_, ACTION_KEY_, NAME_, ACTOR_TYPE_, REQUIRES_REVIEW_, POSITION_, CREATED_AT_)
VALUES ('workflow-bug-fix-transition-022-changes_requested-regression_verification-in_review', 'workflow-bug-fix', 'workflow-bug-fix-stage-regression_verification', 'workflow-bug-fix-status-in_review', 'workflow-bug-fix-stage-regression_verification', 'workflow-bug-fix-status-in_progress', 'changes_requested', '打回修改', 'human', 1, 22, '__NOW__')
ON CONFLICT(ID_) DO UPDATE SET FROM_STAGE_ID_=excluded.FROM_STAGE_ID_, FROM_STATUS_ID_=excluded.FROM_STATUS_ID_, TO_STAGE_ID_=excluded.TO_STAGE_ID_, TO_STATUS_ID_=excluded.TO_STATUS_ID_, ACTION_KEY_=excluded.ACTION_KEY_, NAME_=excluded.NAME_, ACTOR_TYPE_=excluded.ACTOR_TYPE_, REQUIRES_REVIEW_=excluded.REQUIRES_REVIEW_, POSITION_=excluded.POSITION_;
INSERT INTO workflow_transition (ID_, WORKFLOW_ID_, FROM_STAGE_ID_, FROM_STATUS_ID_, TO_STAGE_ID_, TO_STATUS_ID_, ACTION_KEY_, NAME_, ACTOR_TYPE_, REQUIRES_REVIEW_, POSITION_, CREATED_AT_)
VALUES ('workflow-bug-fix-transition-023-agent_done-regression_verification-in_progress', 'workflow-bug-fix', 'workflow-bug-fix-stage-regression_verification', 'workflow-bug-fix-status-in_progress', 'workflow-bug-fix-stage-regression_verification', 'workflow-bug-fix-status-in_review', 'agent_done', '智能体交付', 'agent', 1, 23, '__NOW__')
ON CONFLICT(ID_) DO UPDATE SET FROM_STAGE_ID_=excluded.FROM_STAGE_ID_, FROM_STATUS_ID_=excluded.FROM_STATUS_ID_, TO_STAGE_ID_=excluded.TO_STAGE_ID_, TO_STATUS_ID_=excluded.TO_STATUS_ID_, ACTION_KEY_=excluded.ACTION_KEY_, NAME_=excluded.NAME_, ACTOR_TYPE_=excluded.ACTOR_TYPE_, REQUIRES_REVIEW_=excluded.REQUIRES_REVIEW_, POSITION_=excluded.POSITION_;
INSERT INTO workflow_transition (ID_, WORKFLOW_ID_, FROM_STAGE_ID_, FROM_STATUS_ID_, TO_STAGE_ID_, TO_STATUS_ID_, ACTION_KEY_, NAME_, ACTOR_TYPE_, REQUIRES_REVIEW_, POSITION_, CREATED_AT_)
VALUES ('workflow-bug-fix-transition-024-approve-regression_verification-in_review', 'workflow-bug-fix', 'workflow-bug-fix-stage-regression_verification', 'workflow-bug-fix-status-in_review', 'workflow-bug-fix-stage-fix_release', 'workflow-bug-fix-status-todo', 'approve', '审查通过', 'human', 1, 24, '__NOW__')
ON CONFLICT(ID_) DO UPDATE SET FROM_STAGE_ID_=excluded.FROM_STAGE_ID_, FROM_STATUS_ID_=excluded.FROM_STATUS_ID_, TO_STAGE_ID_=excluded.TO_STAGE_ID_, TO_STATUS_ID_=excluded.TO_STATUS_ID_, ACTION_KEY_=excluded.ACTION_KEY_, NAME_=excluded.NAME_, ACTOR_TYPE_=excluded.ACTOR_TYPE_, REQUIRES_REVIEW_=excluded.REQUIRES_REVIEW_, POSITION_=excluded.POSITION_;
INSERT INTO workflow_transition (ID_, WORKFLOW_ID_, FROM_STAGE_ID_, FROM_STATUS_ID_, TO_STAGE_ID_, TO_STATUS_ID_, ACTION_KEY_, NAME_, ACTOR_TYPE_, REQUIRES_REVIEW_, POSITION_, CREATED_AT_)
VALUES ('workflow-bug-fix-transition-025-reopen-regression_verification-completed', 'workflow-bug-fix', 'workflow-bug-fix-stage-regression_verification', 'workflow-bug-fix-status-completed', 'workflow-bug-fix-stage-regression_verification', 'workflow-bug-fix-status-todo', 'reopen', '重新打开', 'human', 0, 25, '__NOW__')
ON CONFLICT(ID_) DO UPDATE SET FROM_STAGE_ID_=excluded.FROM_STAGE_ID_, FROM_STATUS_ID_=excluded.FROM_STATUS_ID_, TO_STAGE_ID_=excluded.TO_STAGE_ID_, TO_STATUS_ID_=excluded.TO_STATUS_ID_, ACTION_KEY_=excluded.ACTION_KEY_, NAME_=excluded.NAME_, ACTOR_TYPE_=excluded.ACTOR_TYPE_, REQUIRES_REVIEW_=excluded.REQUIRES_REVIEW_, POSITION_=excluded.POSITION_;
INSERT INTO workflow_transition (ID_, WORKFLOW_ID_, FROM_STAGE_ID_, FROM_STATUS_ID_, TO_STAGE_ID_, TO_STATUS_ID_, ACTION_KEY_, NAME_, ACTOR_TYPE_, REQUIRES_REVIEW_, POSITION_, CREATED_AT_)
VALUES ('workflow-bug-fix-transition-026-start-fix_release-todo', 'workflow-bug-fix', 'workflow-bug-fix-stage-fix_release', 'workflow-bug-fix-status-todo', 'workflow-bug-fix-stage-fix_release', 'workflow-bug-fix-status-in_progress', 'start', '开始处理', 'human', 0, 26, '__NOW__')
ON CONFLICT(ID_) DO UPDATE SET FROM_STAGE_ID_=excluded.FROM_STAGE_ID_, FROM_STATUS_ID_=excluded.FROM_STATUS_ID_, TO_STAGE_ID_=excluded.TO_STAGE_ID_, TO_STATUS_ID_=excluded.TO_STATUS_ID_, ACTION_KEY_=excluded.ACTION_KEY_, NAME_=excluded.NAME_, ACTOR_TYPE_=excluded.ACTOR_TYPE_, REQUIRES_REVIEW_=excluded.REQUIRES_REVIEW_, POSITION_=excluded.POSITION_;
INSERT INTO workflow_transition (ID_, WORKFLOW_ID_, FROM_STAGE_ID_, FROM_STATUS_ID_, TO_STAGE_ID_, TO_STATUS_ID_, ACTION_KEY_, NAME_, ACTOR_TYPE_, REQUIRES_REVIEW_, POSITION_, CREATED_AT_)
VALUES ('workflow-bug-fix-transition-027-complete-fix_release-in_progress', 'workflow-bug-fix', 'workflow-bug-fix-stage-fix_release', 'workflow-bug-fix-status-in_progress', 'workflow-bug-fix-stage-fix_release', 'workflow-bug-fix-status-completed', 'complete', '完成', 'human', 0, 27, '__NOW__')
ON CONFLICT(ID_) DO UPDATE SET FROM_STAGE_ID_=excluded.FROM_STAGE_ID_, FROM_STATUS_ID_=excluded.FROM_STATUS_ID_, TO_STAGE_ID_=excluded.TO_STAGE_ID_, TO_STATUS_ID_=excluded.TO_STATUS_ID_, ACTION_KEY_=excluded.ACTION_KEY_, NAME_=excluded.NAME_, ACTOR_TYPE_=excluded.ACTOR_TYPE_, REQUIRES_REVIEW_=excluded.REQUIRES_REVIEW_, POSITION_=excluded.POSITION_;
INSERT INTO workflow_transition (ID_, WORKFLOW_ID_, FROM_STAGE_ID_, FROM_STATUS_ID_, TO_STAGE_ID_, TO_STATUS_ID_, ACTION_KEY_, NAME_, ACTOR_TYPE_, REQUIRES_REVIEW_, POSITION_, CREATED_AT_)
VALUES ('workflow-bug-fix-transition-028-changes_requested-fix_release-in_review', 'workflow-bug-fix', 'workflow-bug-fix-stage-fix_release', 'workflow-bug-fix-status-in_review', 'workflow-bug-fix-stage-fix_release', 'workflow-bug-fix-status-in_progress', 'changes_requested', '打回修改', 'human', 1, 28, '__NOW__')
ON CONFLICT(ID_) DO UPDATE SET FROM_STAGE_ID_=excluded.FROM_STAGE_ID_, FROM_STATUS_ID_=excluded.FROM_STATUS_ID_, TO_STAGE_ID_=excluded.TO_STAGE_ID_, TO_STATUS_ID_=excluded.TO_STATUS_ID_, ACTION_KEY_=excluded.ACTION_KEY_, NAME_=excluded.NAME_, ACTOR_TYPE_=excluded.ACTOR_TYPE_, REQUIRES_REVIEW_=excluded.REQUIRES_REVIEW_, POSITION_=excluded.POSITION_;
INSERT INTO workflow_transition (ID_, WORKFLOW_ID_, FROM_STAGE_ID_, FROM_STATUS_ID_, TO_STAGE_ID_, TO_STATUS_ID_, ACTION_KEY_, NAME_, ACTOR_TYPE_, REQUIRES_REVIEW_, POSITION_, CREATED_AT_)
VALUES ('workflow-bug-fix-transition-029-agent_done-fix_release-in_progress', 'workflow-bug-fix', 'workflow-bug-fix-stage-fix_release', 'workflow-bug-fix-status-in_progress', 'workflow-bug-fix-stage-fix_release', 'workflow-bug-fix-status-in_review', 'agent_done', '智能体交付', 'agent', 1, 29, '__NOW__')
ON CONFLICT(ID_) DO UPDATE SET FROM_STAGE_ID_=excluded.FROM_STAGE_ID_, FROM_STATUS_ID_=excluded.FROM_STATUS_ID_, TO_STAGE_ID_=excluded.TO_STAGE_ID_, TO_STATUS_ID_=excluded.TO_STATUS_ID_, ACTION_KEY_=excluded.ACTION_KEY_, NAME_=excluded.NAME_, ACTOR_TYPE_=excluded.ACTOR_TYPE_, REQUIRES_REVIEW_=excluded.REQUIRES_REVIEW_, POSITION_=excluded.POSITION_;
INSERT INTO workflow_transition (ID_, WORKFLOW_ID_, FROM_STAGE_ID_, FROM_STATUS_ID_, TO_STAGE_ID_, TO_STATUS_ID_, ACTION_KEY_, NAME_, ACTOR_TYPE_, REQUIRES_REVIEW_, POSITION_, CREATED_AT_)
VALUES ('workflow-bug-fix-transition-030-approve-fix_release-in_review', 'workflow-bug-fix', 'workflow-bug-fix-stage-fix_release', 'workflow-bug-fix-status-in_review', 'workflow-bug-fix-stage-fix_release', 'workflow-bug-fix-status-completed', 'approve', '审查通过', 'human', 1, 30, '__NOW__')
ON CONFLICT(ID_) DO UPDATE SET FROM_STAGE_ID_=excluded.FROM_STAGE_ID_, FROM_STATUS_ID_=excluded.FROM_STATUS_ID_, TO_STAGE_ID_=excluded.TO_STAGE_ID_, TO_STATUS_ID_=excluded.TO_STATUS_ID_, ACTION_KEY_=excluded.ACTION_KEY_, NAME_=excluded.NAME_, ACTOR_TYPE_=excluded.ACTOR_TYPE_, REQUIRES_REVIEW_=excluded.REQUIRES_REVIEW_, POSITION_=excluded.POSITION_;
INSERT INTO workflow_transition (ID_, WORKFLOW_ID_, FROM_STAGE_ID_, FROM_STATUS_ID_, TO_STAGE_ID_, TO_STATUS_ID_, ACTION_KEY_, NAME_, ACTOR_TYPE_, REQUIRES_REVIEW_, POSITION_, CREATED_AT_)
VALUES ('workflow-bug-fix-transition-031-reopen-fix_release-completed', 'workflow-bug-fix', 'workflow-bug-fix-stage-fix_release', 'workflow-bug-fix-status-completed', 'workflow-bug-fix-stage-fix_release', 'workflow-bug-fix-status-todo', 'reopen', '重新打开', 'human', 0, 31, '__NOW__')
ON CONFLICT(ID_) DO UPDATE SET FROM_STAGE_ID_=excluded.FROM_STAGE_ID_, FROM_STATUS_ID_=excluded.FROM_STATUS_ID_, TO_STAGE_ID_=excluded.TO_STAGE_ID_, TO_STATUS_ID_=excluded.TO_STATUS_ID_, ACTION_KEY_=excluded.ACTION_KEY_, NAME_=excluded.NAME_, ACTOR_TYPE_=excluded.ACTOR_TYPE_, REQUIRES_REVIEW_=excluded.REQUIRES_REVIEW_, POSITION_=excluded.POSITION_;
INSERT INTO workflow_transition (ID_, WORKFLOW_ID_, FROM_STAGE_ID_, FROM_STATUS_ID_, TO_STAGE_ID_, TO_STATUS_ID_, ACTION_KEY_, NAME_, ACTOR_TYPE_, REQUIRES_REVIEW_, POSITION_, CREATED_AT_)
VALUES ('workflow-optimization-iteration-transition-001-plan-current_assessment-backlog', 'workflow-optimization-iteration', 'workflow-optimization-iteration-stage-current_assessment', 'workflow-optimization-iteration-status-backlog', 'workflow-optimization-iteration-stage-current_assessment', 'workflow-optimization-iteration-status-todo', 'plan', '进入待办', 'human', 0, 1, '__NOW__')
ON CONFLICT(ID_) DO UPDATE SET FROM_STAGE_ID_=excluded.FROM_STAGE_ID_, FROM_STATUS_ID_=excluded.FROM_STATUS_ID_, TO_STAGE_ID_=excluded.TO_STAGE_ID_, TO_STATUS_ID_=excluded.TO_STATUS_ID_, ACTION_KEY_=excluded.ACTION_KEY_, NAME_=excluded.NAME_, ACTOR_TYPE_=excluded.ACTOR_TYPE_, REQUIRES_REVIEW_=excluded.REQUIRES_REVIEW_, POSITION_=excluded.POSITION_;
INSERT INTO workflow_transition (ID_, WORKFLOW_ID_, FROM_STAGE_ID_, FROM_STATUS_ID_, TO_STAGE_ID_, TO_STATUS_ID_, ACTION_KEY_, NAME_, ACTOR_TYPE_, REQUIRES_REVIEW_, POSITION_, CREATED_AT_)
VALUES ('workflow-optimization-iteration-transition-002-start-current_assessment-todo', 'workflow-optimization-iteration', 'workflow-optimization-iteration-stage-current_assessment', 'workflow-optimization-iteration-status-todo', 'workflow-optimization-iteration-stage-current_assessment', 'workflow-optimization-iteration-status-in_progress', 'start', '开始处理', 'human', 0, 2, '__NOW__')
ON CONFLICT(ID_) DO UPDATE SET FROM_STAGE_ID_=excluded.FROM_STAGE_ID_, FROM_STATUS_ID_=excluded.FROM_STATUS_ID_, TO_STAGE_ID_=excluded.TO_STAGE_ID_, TO_STATUS_ID_=excluded.TO_STATUS_ID_, ACTION_KEY_=excluded.ACTION_KEY_, NAME_=excluded.NAME_, ACTOR_TYPE_=excluded.ACTOR_TYPE_, REQUIRES_REVIEW_=excluded.REQUIRES_REVIEW_, POSITION_=excluded.POSITION_;
INSERT INTO workflow_transition (ID_, WORKFLOW_ID_, FROM_STAGE_ID_, FROM_STATUS_ID_, TO_STAGE_ID_, TO_STATUS_ID_, ACTION_KEY_, NAME_, ACTOR_TYPE_, REQUIRES_REVIEW_, POSITION_, CREATED_AT_)
VALUES ('workflow-optimization-iteration-transition-003-complete_stage-current_assessment-in_progress', 'workflow-optimization-iteration', 'workflow-optimization-iteration-stage-current_assessment', 'workflow-optimization-iteration-status-in_progress', 'workflow-optimization-iteration-stage-optimization_plan', 'workflow-optimization-iteration-status-todo', 'complete_stage', '阶段完成', 'human', 0, 3, '__NOW__')
ON CONFLICT(ID_) DO UPDATE SET FROM_STAGE_ID_=excluded.FROM_STAGE_ID_, FROM_STATUS_ID_=excluded.FROM_STATUS_ID_, TO_STAGE_ID_=excluded.TO_STAGE_ID_, TO_STATUS_ID_=excluded.TO_STATUS_ID_, ACTION_KEY_=excluded.ACTION_KEY_, NAME_=excluded.NAME_, ACTOR_TYPE_=excluded.ACTOR_TYPE_, REQUIRES_REVIEW_=excluded.REQUIRES_REVIEW_, POSITION_=excluded.POSITION_;
INSERT INTO workflow_transition (ID_, WORKFLOW_ID_, FROM_STAGE_ID_, FROM_STATUS_ID_, TO_STAGE_ID_, TO_STATUS_ID_, ACTION_KEY_, NAME_, ACTOR_TYPE_, REQUIRES_REVIEW_, POSITION_, CREATED_AT_)
VALUES ('workflow-optimization-iteration-transition-004-changes_requested-current_assessment-in_review', 'workflow-optimization-iteration', 'workflow-optimization-iteration-stage-current_assessment', 'workflow-optimization-iteration-status-in_review', 'workflow-optimization-iteration-stage-current_assessment', 'workflow-optimization-iteration-status-in_progress', 'changes_requested', '打回修改', 'human', 1, 4, '__NOW__')
ON CONFLICT(ID_) DO UPDATE SET FROM_STAGE_ID_=excluded.FROM_STAGE_ID_, FROM_STATUS_ID_=excluded.FROM_STATUS_ID_, TO_STAGE_ID_=excluded.TO_STAGE_ID_, TO_STATUS_ID_=excluded.TO_STATUS_ID_, ACTION_KEY_=excluded.ACTION_KEY_, NAME_=excluded.NAME_, ACTOR_TYPE_=excluded.ACTOR_TYPE_, REQUIRES_REVIEW_=excluded.REQUIRES_REVIEW_, POSITION_=excluded.POSITION_;
INSERT INTO workflow_transition (ID_, WORKFLOW_ID_, FROM_STAGE_ID_, FROM_STATUS_ID_, TO_STAGE_ID_, TO_STATUS_ID_, ACTION_KEY_, NAME_, ACTOR_TYPE_, REQUIRES_REVIEW_, POSITION_, CREATED_AT_)
VALUES ('workflow-optimization-iteration-transition-005-agent_done-current_assessment-in_progress', 'workflow-optimization-iteration', 'workflow-optimization-iteration-stage-current_assessment', 'workflow-optimization-iteration-status-in_progress', 'workflow-optimization-iteration-stage-current_assessment', 'workflow-optimization-iteration-status-in_review', 'agent_done', '智能体交付', 'agent', 1, 5, '__NOW__')
ON CONFLICT(ID_) DO UPDATE SET FROM_STAGE_ID_=excluded.FROM_STAGE_ID_, FROM_STATUS_ID_=excluded.FROM_STATUS_ID_, TO_STAGE_ID_=excluded.TO_STAGE_ID_, TO_STATUS_ID_=excluded.TO_STATUS_ID_, ACTION_KEY_=excluded.ACTION_KEY_, NAME_=excluded.NAME_, ACTOR_TYPE_=excluded.ACTOR_TYPE_, REQUIRES_REVIEW_=excluded.REQUIRES_REVIEW_, POSITION_=excluded.POSITION_;
INSERT INTO workflow_transition (ID_, WORKFLOW_ID_, FROM_STAGE_ID_, FROM_STATUS_ID_, TO_STAGE_ID_, TO_STATUS_ID_, ACTION_KEY_, NAME_, ACTOR_TYPE_, REQUIRES_REVIEW_, POSITION_, CREATED_AT_)
VALUES ('workflow-optimization-iteration-transition-006-approve-current_assessment-in_review', 'workflow-optimization-iteration', 'workflow-optimization-iteration-stage-current_assessment', 'workflow-optimization-iteration-status-in_review', 'workflow-optimization-iteration-stage-optimization_plan', 'workflow-optimization-iteration-status-todo', 'approve', '审查通过', 'human', 1, 6, '__NOW__')
ON CONFLICT(ID_) DO UPDATE SET FROM_STAGE_ID_=excluded.FROM_STAGE_ID_, FROM_STATUS_ID_=excluded.FROM_STATUS_ID_, TO_STAGE_ID_=excluded.TO_STAGE_ID_, TO_STATUS_ID_=excluded.TO_STATUS_ID_, ACTION_KEY_=excluded.ACTION_KEY_, NAME_=excluded.NAME_, ACTOR_TYPE_=excluded.ACTOR_TYPE_, REQUIRES_REVIEW_=excluded.REQUIRES_REVIEW_, POSITION_=excluded.POSITION_;
INSERT INTO workflow_transition (ID_, WORKFLOW_ID_, FROM_STAGE_ID_, FROM_STATUS_ID_, TO_STAGE_ID_, TO_STATUS_ID_, ACTION_KEY_, NAME_, ACTOR_TYPE_, REQUIRES_REVIEW_, POSITION_, CREATED_AT_)
VALUES ('workflow-optimization-iteration-transition-007-reopen-current_assessment-completed', 'workflow-optimization-iteration', 'workflow-optimization-iteration-stage-current_assessment', 'workflow-optimization-iteration-status-completed', 'workflow-optimization-iteration-stage-current_assessment', 'workflow-optimization-iteration-status-todo', 'reopen', '重新打开', 'human', 0, 7, '__NOW__')
ON CONFLICT(ID_) DO UPDATE SET FROM_STAGE_ID_=excluded.FROM_STAGE_ID_, FROM_STATUS_ID_=excluded.FROM_STATUS_ID_, TO_STAGE_ID_=excluded.TO_STAGE_ID_, TO_STATUS_ID_=excluded.TO_STATUS_ID_, ACTION_KEY_=excluded.ACTION_KEY_, NAME_=excluded.NAME_, ACTOR_TYPE_=excluded.ACTOR_TYPE_, REQUIRES_REVIEW_=excluded.REQUIRES_REVIEW_, POSITION_=excluded.POSITION_;
INSERT INTO workflow_transition (ID_, WORKFLOW_ID_, FROM_STAGE_ID_, FROM_STATUS_ID_, TO_STAGE_ID_, TO_STATUS_ID_, ACTION_KEY_, NAME_, ACTOR_TYPE_, REQUIRES_REVIEW_, POSITION_, CREATED_AT_)
VALUES ('workflow-optimization-iteration-transition-008-start-optimization_plan-todo', 'workflow-optimization-iteration', 'workflow-optimization-iteration-stage-optimization_plan', 'workflow-optimization-iteration-status-todo', 'workflow-optimization-iteration-stage-optimization_plan', 'workflow-optimization-iteration-status-in_progress', 'start', '开始处理', 'human', 0, 8, '__NOW__')
ON CONFLICT(ID_) DO UPDATE SET FROM_STAGE_ID_=excluded.FROM_STAGE_ID_, FROM_STATUS_ID_=excluded.FROM_STATUS_ID_, TO_STAGE_ID_=excluded.TO_STAGE_ID_, TO_STATUS_ID_=excluded.TO_STATUS_ID_, ACTION_KEY_=excluded.ACTION_KEY_, NAME_=excluded.NAME_, ACTOR_TYPE_=excluded.ACTOR_TYPE_, REQUIRES_REVIEW_=excluded.REQUIRES_REVIEW_, POSITION_=excluded.POSITION_;
INSERT INTO workflow_transition (ID_, WORKFLOW_ID_, FROM_STAGE_ID_, FROM_STATUS_ID_, TO_STAGE_ID_, TO_STATUS_ID_, ACTION_KEY_, NAME_, ACTOR_TYPE_, REQUIRES_REVIEW_, POSITION_, CREATED_AT_)
VALUES ('workflow-optimization-iteration-transition-009-submit_review-optimization_plan-in_progress', 'workflow-optimization-iteration', 'workflow-optimization-iteration-stage-optimization_plan', 'workflow-optimization-iteration-status-in_progress', 'workflow-optimization-iteration-stage-optimization_plan', 'workflow-optimization-iteration-status-in_review', 'submit_review', '提交审查', 'human', 1, 9, '__NOW__')
ON CONFLICT(ID_) DO UPDATE SET FROM_STAGE_ID_=excluded.FROM_STAGE_ID_, FROM_STATUS_ID_=excluded.FROM_STATUS_ID_, TO_STAGE_ID_=excluded.TO_STAGE_ID_, TO_STATUS_ID_=excluded.TO_STATUS_ID_, ACTION_KEY_=excluded.ACTION_KEY_, NAME_=excluded.NAME_, ACTOR_TYPE_=excluded.ACTOR_TYPE_, REQUIRES_REVIEW_=excluded.REQUIRES_REVIEW_, POSITION_=excluded.POSITION_;
INSERT INTO workflow_transition (ID_, WORKFLOW_ID_, FROM_STAGE_ID_, FROM_STATUS_ID_, TO_STAGE_ID_, TO_STATUS_ID_, ACTION_KEY_, NAME_, ACTOR_TYPE_, REQUIRES_REVIEW_, POSITION_, CREATED_AT_)
VALUES ('workflow-optimization-iteration-transition-010-changes_requested-optimization_plan-in_review', 'workflow-optimization-iteration', 'workflow-optimization-iteration-stage-optimization_plan', 'workflow-optimization-iteration-status-in_review', 'workflow-optimization-iteration-stage-optimization_plan', 'workflow-optimization-iteration-status-in_progress', 'changes_requested', '打回修改', 'human', 1, 10, '__NOW__')
ON CONFLICT(ID_) DO UPDATE SET FROM_STAGE_ID_=excluded.FROM_STAGE_ID_, FROM_STATUS_ID_=excluded.FROM_STATUS_ID_, TO_STAGE_ID_=excluded.TO_STAGE_ID_, TO_STATUS_ID_=excluded.TO_STATUS_ID_, ACTION_KEY_=excluded.ACTION_KEY_, NAME_=excluded.NAME_, ACTOR_TYPE_=excluded.ACTOR_TYPE_, REQUIRES_REVIEW_=excluded.REQUIRES_REVIEW_, POSITION_=excluded.POSITION_;
INSERT INTO workflow_transition (ID_, WORKFLOW_ID_, FROM_STAGE_ID_, FROM_STATUS_ID_, TO_STAGE_ID_, TO_STATUS_ID_, ACTION_KEY_, NAME_, ACTOR_TYPE_, REQUIRES_REVIEW_, POSITION_, CREATED_AT_)
VALUES ('workflow-optimization-iteration-transition-011-agent_done-optimization_plan-in_progress', 'workflow-optimization-iteration', 'workflow-optimization-iteration-stage-optimization_plan', 'workflow-optimization-iteration-status-in_progress', 'workflow-optimization-iteration-stage-optimization_plan', 'workflow-optimization-iteration-status-in_review', 'agent_done', '智能体交付', 'agent', 1, 11, '__NOW__')
ON CONFLICT(ID_) DO UPDATE SET FROM_STAGE_ID_=excluded.FROM_STAGE_ID_, FROM_STATUS_ID_=excluded.FROM_STATUS_ID_, TO_STAGE_ID_=excluded.TO_STAGE_ID_, TO_STATUS_ID_=excluded.TO_STATUS_ID_, ACTION_KEY_=excluded.ACTION_KEY_, NAME_=excluded.NAME_, ACTOR_TYPE_=excluded.ACTOR_TYPE_, REQUIRES_REVIEW_=excluded.REQUIRES_REVIEW_, POSITION_=excluded.POSITION_;
INSERT INTO workflow_transition (ID_, WORKFLOW_ID_, FROM_STAGE_ID_, FROM_STATUS_ID_, TO_STAGE_ID_, TO_STATUS_ID_, ACTION_KEY_, NAME_, ACTOR_TYPE_, REQUIRES_REVIEW_, POSITION_, CREATED_AT_)
VALUES ('workflow-optimization-iteration-transition-012-approve-optimization_plan-in_review', 'workflow-optimization-iteration', 'workflow-optimization-iteration-stage-optimization_plan', 'workflow-optimization-iteration-status-in_review', 'workflow-optimization-iteration-stage-iteration_implementation', 'workflow-optimization-iteration-status-todo', 'approve', '审查通过', 'human', 1, 12, '__NOW__')
ON CONFLICT(ID_) DO UPDATE SET FROM_STAGE_ID_=excluded.FROM_STAGE_ID_, FROM_STATUS_ID_=excluded.FROM_STATUS_ID_, TO_STAGE_ID_=excluded.TO_STAGE_ID_, TO_STATUS_ID_=excluded.TO_STATUS_ID_, ACTION_KEY_=excluded.ACTION_KEY_, NAME_=excluded.NAME_, ACTOR_TYPE_=excluded.ACTOR_TYPE_, REQUIRES_REVIEW_=excluded.REQUIRES_REVIEW_, POSITION_=excluded.POSITION_;
INSERT INTO workflow_transition (ID_, WORKFLOW_ID_, FROM_STAGE_ID_, FROM_STATUS_ID_, TO_STAGE_ID_, TO_STATUS_ID_, ACTION_KEY_, NAME_, ACTOR_TYPE_, REQUIRES_REVIEW_, POSITION_, CREATED_AT_)
VALUES ('workflow-optimization-iteration-transition-013-reopen-optimization_plan-completed', 'workflow-optimization-iteration', 'workflow-optimization-iteration-stage-optimization_plan', 'workflow-optimization-iteration-status-completed', 'workflow-optimization-iteration-stage-optimization_plan', 'workflow-optimization-iteration-status-todo', 'reopen', '重新打开', 'human', 0, 13, '__NOW__')
ON CONFLICT(ID_) DO UPDATE SET FROM_STAGE_ID_=excluded.FROM_STAGE_ID_, FROM_STATUS_ID_=excluded.FROM_STATUS_ID_, TO_STAGE_ID_=excluded.TO_STAGE_ID_, TO_STATUS_ID_=excluded.TO_STATUS_ID_, ACTION_KEY_=excluded.ACTION_KEY_, NAME_=excluded.NAME_, ACTOR_TYPE_=excluded.ACTOR_TYPE_, REQUIRES_REVIEW_=excluded.REQUIRES_REVIEW_, POSITION_=excluded.POSITION_;
INSERT INTO workflow_transition (ID_, WORKFLOW_ID_, FROM_STAGE_ID_, FROM_STATUS_ID_, TO_STAGE_ID_, TO_STATUS_ID_, ACTION_KEY_, NAME_, ACTOR_TYPE_, REQUIRES_REVIEW_, POSITION_, CREATED_AT_)
VALUES ('workflow-optimization-iteration-transition-014-start-iteration_implementation-todo', 'workflow-optimization-iteration', 'workflow-optimization-iteration-stage-iteration_implementation', 'workflow-optimization-iteration-status-todo', 'workflow-optimization-iteration-stage-iteration_implementation', 'workflow-optimization-iteration-status-in_progress', 'start', '开始处理', 'human', 0, 14, '__NOW__')
ON CONFLICT(ID_) DO UPDATE SET FROM_STAGE_ID_=excluded.FROM_STAGE_ID_, FROM_STATUS_ID_=excluded.FROM_STATUS_ID_, TO_STAGE_ID_=excluded.TO_STAGE_ID_, TO_STATUS_ID_=excluded.TO_STATUS_ID_, ACTION_KEY_=excluded.ACTION_KEY_, NAME_=excluded.NAME_, ACTOR_TYPE_=excluded.ACTOR_TYPE_, REQUIRES_REVIEW_=excluded.REQUIRES_REVIEW_, POSITION_=excluded.POSITION_;
INSERT INTO workflow_transition (ID_, WORKFLOW_ID_, FROM_STAGE_ID_, FROM_STATUS_ID_, TO_STAGE_ID_, TO_STATUS_ID_, ACTION_KEY_, NAME_, ACTOR_TYPE_, REQUIRES_REVIEW_, POSITION_, CREATED_AT_)
VALUES ('workflow-optimization-iteration-transition-015-submit_review-iteration_implementation-in_progress', 'workflow-optimization-iteration', 'workflow-optimization-iteration-stage-iteration_implementation', 'workflow-optimization-iteration-status-in_progress', 'workflow-optimization-iteration-stage-iteration_implementation', 'workflow-optimization-iteration-status-in_review', 'submit_review', '提交审查', 'human', 1, 15, '__NOW__')
ON CONFLICT(ID_) DO UPDATE SET FROM_STAGE_ID_=excluded.FROM_STAGE_ID_, FROM_STATUS_ID_=excluded.FROM_STATUS_ID_, TO_STAGE_ID_=excluded.TO_STAGE_ID_, TO_STATUS_ID_=excluded.TO_STATUS_ID_, ACTION_KEY_=excluded.ACTION_KEY_, NAME_=excluded.NAME_, ACTOR_TYPE_=excluded.ACTOR_TYPE_, REQUIRES_REVIEW_=excluded.REQUIRES_REVIEW_, POSITION_=excluded.POSITION_;
INSERT INTO workflow_transition (ID_, WORKFLOW_ID_, FROM_STAGE_ID_, FROM_STATUS_ID_, TO_STAGE_ID_, TO_STATUS_ID_, ACTION_KEY_, NAME_, ACTOR_TYPE_, REQUIRES_REVIEW_, POSITION_, CREATED_AT_)
VALUES ('workflow-optimization-iteration-transition-016-changes_requested-iteration_implementation-in_review', 'workflow-optimization-iteration', 'workflow-optimization-iteration-stage-iteration_implementation', 'workflow-optimization-iteration-status-in_review', 'workflow-optimization-iteration-stage-iteration_implementation', 'workflow-optimization-iteration-status-in_progress', 'changes_requested', '打回修改', 'human', 1, 16, '__NOW__')
ON CONFLICT(ID_) DO UPDATE SET FROM_STAGE_ID_=excluded.FROM_STAGE_ID_, FROM_STATUS_ID_=excluded.FROM_STATUS_ID_, TO_STAGE_ID_=excluded.TO_STAGE_ID_, TO_STATUS_ID_=excluded.TO_STATUS_ID_, ACTION_KEY_=excluded.ACTION_KEY_, NAME_=excluded.NAME_, ACTOR_TYPE_=excluded.ACTOR_TYPE_, REQUIRES_REVIEW_=excluded.REQUIRES_REVIEW_, POSITION_=excluded.POSITION_;
INSERT INTO workflow_transition (ID_, WORKFLOW_ID_, FROM_STAGE_ID_, FROM_STATUS_ID_, TO_STAGE_ID_, TO_STATUS_ID_, ACTION_KEY_, NAME_, ACTOR_TYPE_, REQUIRES_REVIEW_, POSITION_, CREATED_AT_)
VALUES ('workflow-optimization-iteration-transition-017-agent_done-iteration_implementation-in_progress', 'workflow-optimization-iteration', 'workflow-optimization-iteration-stage-iteration_implementation', 'workflow-optimization-iteration-status-in_progress', 'workflow-optimization-iteration-stage-iteration_implementation', 'workflow-optimization-iteration-status-in_review', 'agent_done', '智能体交付', 'agent', 1, 17, '__NOW__')
ON CONFLICT(ID_) DO UPDATE SET FROM_STAGE_ID_=excluded.FROM_STAGE_ID_, FROM_STATUS_ID_=excluded.FROM_STATUS_ID_, TO_STAGE_ID_=excluded.TO_STAGE_ID_, TO_STATUS_ID_=excluded.TO_STATUS_ID_, ACTION_KEY_=excluded.ACTION_KEY_, NAME_=excluded.NAME_, ACTOR_TYPE_=excluded.ACTOR_TYPE_, REQUIRES_REVIEW_=excluded.REQUIRES_REVIEW_, POSITION_=excluded.POSITION_;
INSERT INTO workflow_transition (ID_, WORKFLOW_ID_, FROM_STAGE_ID_, FROM_STATUS_ID_, TO_STAGE_ID_, TO_STATUS_ID_, ACTION_KEY_, NAME_, ACTOR_TYPE_, REQUIRES_REVIEW_, POSITION_, CREATED_AT_)
VALUES ('workflow-optimization-iteration-transition-018-approve-iteration_implementation-in_review', 'workflow-optimization-iteration', 'workflow-optimization-iteration-stage-iteration_implementation', 'workflow-optimization-iteration-status-in_review', 'workflow-optimization-iteration-stage-effect_verification', 'workflow-optimization-iteration-status-todo', 'approve', '审查通过', 'human', 1, 18, '__NOW__')
ON CONFLICT(ID_) DO UPDATE SET FROM_STAGE_ID_=excluded.FROM_STAGE_ID_, FROM_STATUS_ID_=excluded.FROM_STATUS_ID_, TO_STAGE_ID_=excluded.TO_STAGE_ID_, TO_STATUS_ID_=excluded.TO_STATUS_ID_, ACTION_KEY_=excluded.ACTION_KEY_, NAME_=excluded.NAME_, ACTOR_TYPE_=excluded.ACTOR_TYPE_, REQUIRES_REVIEW_=excluded.REQUIRES_REVIEW_, POSITION_=excluded.POSITION_;
INSERT INTO workflow_transition (ID_, WORKFLOW_ID_, FROM_STAGE_ID_, FROM_STATUS_ID_, TO_STAGE_ID_, TO_STATUS_ID_, ACTION_KEY_, NAME_, ACTOR_TYPE_, REQUIRES_REVIEW_, POSITION_, CREATED_AT_)
VALUES ('workflow-optimization-iteration-transition-019-reopen-iteration_implementation-completed', 'workflow-optimization-iteration', 'workflow-optimization-iteration-stage-iteration_implementation', 'workflow-optimization-iteration-status-completed', 'workflow-optimization-iteration-stage-iteration_implementation', 'workflow-optimization-iteration-status-todo', 'reopen', '重新打开', 'human', 0, 19, '__NOW__')
ON CONFLICT(ID_) DO UPDATE SET FROM_STAGE_ID_=excluded.FROM_STAGE_ID_, FROM_STATUS_ID_=excluded.FROM_STATUS_ID_, TO_STAGE_ID_=excluded.TO_STAGE_ID_, TO_STATUS_ID_=excluded.TO_STATUS_ID_, ACTION_KEY_=excluded.ACTION_KEY_, NAME_=excluded.NAME_, ACTOR_TYPE_=excluded.ACTOR_TYPE_, REQUIRES_REVIEW_=excluded.REQUIRES_REVIEW_, POSITION_=excluded.POSITION_;
INSERT INTO workflow_transition (ID_, WORKFLOW_ID_, FROM_STAGE_ID_, FROM_STATUS_ID_, TO_STAGE_ID_, TO_STATUS_ID_, ACTION_KEY_, NAME_, ACTOR_TYPE_, REQUIRES_REVIEW_, POSITION_, CREATED_AT_)
VALUES ('workflow-optimization-iteration-transition-020-start-effect_verification-todo', 'workflow-optimization-iteration', 'workflow-optimization-iteration-stage-effect_verification', 'workflow-optimization-iteration-status-todo', 'workflow-optimization-iteration-stage-effect_verification', 'workflow-optimization-iteration-status-in_progress', 'start', '开始处理', 'human', 0, 20, '__NOW__')
ON CONFLICT(ID_) DO UPDATE SET FROM_STAGE_ID_=excluded.FROM_STAGE_ID_, FROM_STATUS_ID_=excluded.FROM_STATUS_ID_, TO_STAGE_ID_=excluded.TO_STAGE_ID_, TO_STATUS_ID_=excluded.TO_STATUS_ID_, ACTION_KEY_=excluded.ACTION_KEY_, NAME_=excluded.NAME_, ACTOR_TYPE_=excluded.ACTOR_TYPE_, REQUIRES_REVIEW_=excluded.REQUIRES_REVIEW_, POSITION_=excluded.POSITION_;
INSERT INTO workflow_transition (ID_, WORKFLOW_ID_, FROM_STAGE_ID_, FROM_STATUS_ID_, TO_STAGE_ID_, TO_STATUS_ID_, ACTION_KEY_, NAME_, ACTOR_TYPE_, REQUIRES_REVIEW_, POSITION_, CREATED_AT_)
VALUES ('workflow-optimization-iteration-transition-021-submit_review-effect_verification-in_progress', 'workflow-optimization-iteration', 'workflow-optimization-iteration-stage-effect_verification', 'workflow-optimization-iteration-status-in_progress', 'workflow-optimization-iteration-stage-effect_verification', 'workflow-optimization-iteration-status-in_review', 'submit_review', '提交审查', 'human', 1, 21, '__NOW__')
ON CONFLICT(ID_) DO UPDATE SET FROM_STAGE_ID_=excluded.FROM_STAGE_ID_, FROM_STATUS_ID_=excluded.FROM_STATUS_ID_, TO_STAGE_ID_=excluded.TO_STAGE_ID_, TO_STATUS_ID_=excluded.TO_STATUS_ID_, ACTION_KEY_=excluded.ACTION_KEY_, NAME_=excluded.NAME_, ACTOR_TYPE_=excluded.ACTOR_TYPE_, REQUIRES_REVIEW_=excluded.REQUIRES_REVIEW_, POSITION_=excluded.POSITION_;
INSERT INTO workflow_transition (ID_, WORKFLOW_ID_, FROM_STAGE_ID_, FROM_STATUS_ID_, TO_STAGE_ID_, TO_STATUS_ID_, ACTION_KEY_, NAME_, ACTOR_TYPE_, REQUIRES_REVIEW_, POSITION_, CREATED_AT_)
VALUES ('workflow-optimization-iteration-transition-022-changes_requested-effect_verification-in_review', 'workflow-optimization-iteration', 'workflow-optimization-iteration-stage-effect_verification', 'workflow-optimization-iteration-status-in_review', 'workflow-optimization-iteration-stage-effect_verification', 'workflow-optimization-iteration-status-in_progress', 'changes_requested', '打回修改', 'human', 1, 22, '__NOW__')
ON CONFLICT(ID_) DO UPDATE SET FROM_STAGE_ID_=excluded.FROM_STAGE_ID_, FROM_STATUS_ID_=excluded.FROM_STATUS_ID_, TO_STAGE_ID_=excluded.TO_STAGE_ID_, TO_STATUS_ID_=excluded.TO_STATUS_ID_, ACTION_KEY_=excluded.ACTION_KEY_, NAME_=excluded.NAME_, ACTOR_TYPE_=excluded.ACTOR_TYPE_, REQUIRES_REVIEW_=excluded.REQUIRES_REVIEW_, POSITION_=excluded.POSITION_;
INSERT INTO workflow_transition (ID_, WORKFLOW_ID_, FROM_STAGE_ID_, FROM_STATUS_ID_, TO_STAGE_ID_, TO_STATUS_ID_, ACTION_KEY_, NAME_, ACTOR_TYPE_, REQUIRES_REVIEW_, POSITION_, CREATED_AT_)
VALUES ('workflow-optimization-iteration-transition-023-agent_done-effect_verification-in_progress', 'workflow-optimization-iteration', 'workflow-optimization-iteration-stage-effect_verification', 'workflow-optimization-iteration-status-in_progress', 'workflow-optimization-iteration-stage-effect_verification', 'workflow-optimization-iteration-status-in_review', 'agent_done', '智能体交付', 'agent', 1, 23, '__NOW__')
ON CONFLICT(ID_) DO UPDATE SET FROM_STAGE_ID_=excluded.FROM_STAGE_ID_, FROM_STATUS_ID_=excluded.FROM_STATUS_ID_, TO_STAGE_ID_=excluded.TO_STAGE_ID_, TO_STATUS_ID_=excluded.TO_STATUS_ID_, ACTION_KEY_=excluded.ACTION_KEY_, NAME_=excluded.NAME_, ACTOR_TYPE_=excluded.ACTOR_TYPE_, REQUIRES_REVIEW_=excluded.REQUIRES_REVIEW_, POSITION_=excluded.POSITION_;
INSERT INTO workflow_transition (ID_, WORKFLOW_ID_, FROM_STAGE_ID_, FROM_STATUS_ID_, TO_STAGE_ID_, TO_STATUS_ID_, ACTION_KEY_, NAME_, ACTOR_TYPE_, REQUIRES_REVIEW_, POSITION_, CREATED_AT_)
VALUES ('workflow-optimization-iteration-transition-024-approve-effect_verification-in_review', 'workflow-optimization-iteration', 'workflow-optimization-iteration-stage-effect_verification', 'workflow-optimization-iteration-status-in_review', 'workflow-optimization-iteration-stage-canary_release', 'workflow-optimization-iteration-status-todo', 'approve', '审查通过', 'human', 1, 24, '__NOW__')
ON CONFLICT(ID_) DO UPDATE SET FROM_STAGE_ID_=excluded.FROM_STAGE_ID_, FROM_STATUS_ID_=excluded.FROM_STATUS_ID_, TO_STAGE_ID_=excluded.TO_STAGE_ID_, TO_STATUS_ID_=excluded.TO_STATUS_ID_, ACTION_KEY_=excluded.ACTION_KEY_, NAME_=excluded.NAME_, ACTOR_TYPE_=excluded.ACTOR_TYPE_, REQUIRES_REVIEW_=excluded.REQUIRES_REVIEW_, POSITION_=excluded.POSITION_;
INSERT INTO workflow_transition (ID_, WORKFLOW_ID_, FROM_STAGE_ID_, FROM_STATUS_ID_, TO_STAGE_ID_, TO_STATUS_ID_, ACTION_KEY_, NAME_, ACTOR_TYPE_, REQUIRES_REVIEW_, POSITION_, CREATED_AT_)
VALUES ('workflow-optimization-iteration-transition-025-reopen-effect_verification-completed', 'workflow-optimization-iteration', 'workflow-optimization-iteration-stage-effect_verification', 'workflow-optimization-iteration-status-completed', 'workflow-optimization-iteration-stage-effect_verification', 'workflow-optimization-iteration-status-todo', 'reopen', '重新打开', 'human', 0, 25, '__NOW__')
ON CONFLICT(ID_) DO UPDATE SET FROM_STAGE_ID_=excluded.FROM_STAGE_ID_, FROM_STATUS_ID_=excluded.FROM_STATUS_ID_, TO_STAGE_ID_=excluded.TO_STAGE_ID_, TO_STATUS_ID_=excluded.TO_STATUS_ID_, ACTION_KEY_=excluded.ACTION_KEY_, NAME_=excluded.NAME_, ACTOR_TYPE_=excluded.ACTOR_TYPE_, REQUIRES_REVIEW_=excluded.REQUIRES_REVIEW_, POSITION_=excluded.POSITION_;
INSERT INTO workflow_transition (ID_, WORKFLOW_ID_, FROM_STAGE_ID_, FROM_STATUS_ID_, TO_STAGE_ID_, TO_STATUS_ID_, ACTION_KEY_, NAME_, ACTOR_TYPE_, REQUIRES_REVIEW_, POSITION_, CREATED_AT_)
VALUES ('workflow-optimization-iteration-transition-026-start-canary_release-todo', 'workflow-optimization-iteration', 'workflow-optimization-iteration-stage-canary_release', 'workflow-optimization-iteration-status-todo', 'workflow-optimization-iteration-stage-canary_release', 'workflow-optimization-iteration-status-in_progress', 'start', '开始处理', 'human', 0, 26, '__NOW__')
ON CONFLICT(ID_) DO UPDATE SET FROM_STAGE_ID_=excluded.FROM_STAGE_ID_, FROM_STATUS_ID_=excluded.FROM_STATUS_ID_, TO_STAGE_ID_=excluded.TO_STAGE_ID_, TO_STATUS_ID_=excluded.TO_STATUS_ID_, ACTION_KEY_=excluded.ACTION_KEY_, NAME_=excluded.NAME_, ACTOR_TYPE_=excluded.ACTOR_TYPE_, REQUIRES_REVIEW_=excluded.REQUIRES_REVIEW_, POSITION_=excluded.POSITION_;
INSERT INTO workflow_transition (ID_, WORKFLOW_ID_, FROM_STAGE_ID_, FROM_STATUS_ID_, TO_STAGE_ID_, TO_STATUS_ID_, ACTION_KEY_, NAME_, ACTOR_TYPE_, REQUIRES_REVIEW_, POSITION_, CREATED_AT_)
VALUES ('workflow-optimization-iteration-transition-027-complete-canary_release-in_progress', 'workflow-optimization-iteration', 'workflow-optimization-iteration-stage-canary_release', 'workflow-optimization-iteration-status-in_progress', 'workflow-optimization-iteration-stage-canary_release', 'workflow-optimization-iteration-status-completed', 'complete', '完成', 'human', 0, 27, '__NOW__')
ON CONFLICT(ID_) DO UPDATE SET FROM_STAGE_ID_=excluded.FROM_STAGE_ID_, FROM_STATUS_ID_=excluded.FROM_STATUS_ID_, TO_STAGE_ID_=excluded.TO_STAGE_ID_, TO_STATUS_ID_=excluded.TO_STATUS_ID_, ACTION_KEY_=excluded.ACTION_KEY_, NAME_=excluded.NAME_, ACTOR_TYPE_=excluded.ACTOR_TYPE_, REQUIRES_REVIEW_=excluded.REQUIRES_REVIEW_, POSITION_=excluded.POSITION_;
INSERT INTO workflow_transition (ID_, WORKFLOW_ID_, FROM_STAGE_ID_, FROM_STATUS_ID_, TO_STAGE_ID_, TO_STATUS_ID_, ACTION_KEY_, NAME_, ACTOR_TYPE_, REQUIRES_REVIEW_, POSITION_, CREATED_AT_)
VALUES ('workflow-optimization-iteration-transition-028-changes_requested-canary_release-in_review', 'workflow-optimization-iteration', 'workflow-optimization-iteration-stage-canary_release', 'workflow-optimization-iteration-status-in_review', 'workflow-optimization-iteration-stage-canary_release', 'workflow-optimization-iteration-status-in_progress', 'changes_requested', '打回修改', 'human', 1, 28, '__NOW__')
ON CONFLICT(ID_) DO UPDATE SET FROM_STAGE_ID_=excluded.FROM_STAGE_ID_, FROM_STATUS_ID_=excluded.FROM_STATUS_ID_, TO_STAGE_ID_=excluded.TO_STAGE_ID_, TO_STATUS_ID_=excluded.TO_STATUS_ID_, ACTION_KEY_=excluded.ACTION_KEY_, NAME_=excluded.NAME_, ACTOR_TYPE_=excluded.ACTOR_TYPE_, REQUIRES_REVIEW_=excluded.REQUIRES_REVIEW_, POSITION_=excluded.POSITION_;
INSERT INTO workflow_transition (ID_, WORKFLOW_ID_, FROM_STAGE_ID_, FROM_STATUS_ID_, TO_STAGE_ID_, TO_STATUS_ID_, ACTION_KEY_, NAME_, ACTOR_TYPE_, REQUIRES_REVIEW_, POSITION_, CREATED_AT_)
VALUES ('workflow-optimization-iteration-transition-029-agent_done-canary_release-in_progress', 'workflow-optimization-iteration', 'workflow-optimization-iteration-stage-canary_release', 'workflow-optimization-iteration-status-in_progress', 'workflow-optimization-iteration-stage-canary_release', 'workflow-optimization-iteration-status-in_review', 'agent_done', '智能体交付', 'agent', 1, 29, '__NOW__')
ON CONFLICT(ID_) DO UPDATE SET FROM_STAGE_ID_=excluded.FROM_STAGE_ID_, FROM_STATUS_ID_=excluded.FROM_STATUS_ID_, TO_STAGE_ID_=excluded.TO_STAGE_ID_, TO_STATUS_ID_=excluded.TO_STATUS_ID_, ACTION_KEY_=excluded.ACTION_KEY_, NAME_=excluded.NAME_, ACTOR_TYPE_=excluded.ACTOR_TYPE_, REQUIRES_REVIEW_=excluded.REQUIRES_REVIEW_, POSITION_=excluded.POSITION_;
INSERT INTO workflow_transition (ID_, WORKFLOW_ID_, FROM_STAGE_ID_, FROM_STATUS_ID_, TO_STAGE_ID_, TO_STATUS_ID_, ACTION_KEY_, NAME_, ACTOR_TYPE_, REQUIRES_REVIEW_, POSITION_, CREATED_AT_)
VALUES ('workflow-optimization-iteration-transition-030-approve-canary_release-in_review', 'workflow-optimization-iteration', 'workflow-optimization-iteration-stage-canary_release', 'workflow-optimization-iteration-status-in_review', 'workflow-optimization-iteration-stage-canary_release', 'workflow-optimization-iteration-status-completed', 'approve', '审查通过', 'human', 1, 30, '__NOW__')
ON CONFLICT(ID_) DO UPDATE SET FROM_STAGE_ID_=excluded.FROM_STAGE_ID_, FROM_STATUS_ID_=excluded.FROM_STATUS_ID_, TO_STAGE_ID_=excluded.TO_STAGE_ID_, TO_STATUS_ID_=excluded.TO_STATUS_ID_, ACTION_KEY_=excluded.ACTION_KEY_, NAME_=excluded.NAME_, ACTOR_TYPE_=excluded.ACTOR_TYPE_, REQUIRES_REVIEW_=excluded.REQUIRES_REVIEW_, POSITION_=excluded.POSITION_;
INSERT INTO workflow_transition (ID_, WORKFLOW_ID_, FROM_STAGE_ID_, FROM_STATUS_ID_, TO_STAGE_ID_, TO_STATUS_ID_, ACTION_KEY_, NAME_, ACTOR_TYPE_, REQUIRES_REVIEW_, POSITION_, CREATED_AT_)
VALUES ('workflow-optimization-iteration-transition-031-reopen-canary_release-completed', 'workflow-optimization-iteration', 'workflow-optimization-iteration-stage-canary_release', 'workflow-optimization-iteration-status-completed', 'workflow-optimization-iteration-stage-canary_release', 'workflow-optimization-iteration-status-todo', 'reopen', '重新打开', 'human', 0, 31, '__NOW__')
ON CONFLICT(ID_) DO UPDATE SET FROM_STAGE_ID_=excluded.FROM_STAGE_ID_, FROM_STATUS_ID_=excluded.FROM_STATUS_ID_, TO_STAGE_ID_=excluded.TO_STAGE_ID_, TO_STATUS_ID_=excluded.TO_STATUS_ID_, ACTION_KEY_=excluded.ACTION_KEY_, NAME_=excluded.NAME_, ACTOR_TYPE_=excluded.ACTOR_TYPE_, REQUIRES_REVIEW_=excluded.REQUIRES_REVIEW_, POSITION_=excluded.POSITION_;
INSERT INTO workflow_transition (ID_, WORKFLOW_ID_, FROM_STAGE_ID_, FROM_STATUS_ID_, TO_STAGE_ID_, TO_STATUS_ID_, ACTION_KEY_, NAME_, ACTOR_TYPE_, REQUIRES_REVIEW_, POSITION_, CREATED_AT_)
VALUES ('workflow-free-task-transition-001-plan-todo-backlog', 'workflow-free-task', 'workflow-free-task-stage-todo', 'workflow-free-task-status-backlog', 'workflow-free-task-stage-todo', 'workflow-free-task-status-todo', 'plan', '进入待办', 'human', 0, 1, '__NOW__')
ON CONFLICT(ID_) DO UPDATE SET FROM_STAGE_ID_=excluded.FROM_STAGE_ID_, FROM_STATUS_ID_=excluded.FROM_STATUS_ID_, TO_STAGE_ID_=excluded.TO_STAGE_ID_, TO_STATUS_ID_=excluded.TO_STATUS_ID_, ACTION_KEY_=excluded.ACTION_KEY_, NAME_=excluded.NAME_, ACTOR_TYPE_=excluded.ACTOR_TYPE_, REQUIRES_REVIEW_=excluded.REQUIRES_REVIEW_, POSITION_=excluded.POSITION_;
INSERT INTO workflow_transition (ID_, WORKFLOW_ID_, FROM_STAGE_ID_, FROM_STATUS_ID_, TO_STAGE_ID_, TO_STATUS_ID_, ACTION_KEY_, NAME_, ACTOR_TYPE_, REQUIRES_REVIEW_, POSITION_, CREATED_AT_)
VALUES ('workflow-free-task-transition-002-start-todo-todo', 'workflow-free-task', 'workflow-free-task-stage-todo', 'workflow-free-task-status-todo', 'workflow-free-task-stage-todo', 'workflow-free-task-status-in_progress', 'start', '开始处理', 'human', 0, 2, '__NOW__')
ON CONFLICT(ID_) DO UPDATE SET FROM_STAGE_ID_=excluded.FROM_STAGE_ID_, FROM_STATUS_ID_=excluded.FROM_STATUS_ID_, TO_STAGE_ID_=excluded.TO_STAGE_ID_, TO_STATUS_ID_=excluded.TO_STATUS_ID_, ACTION_KEY_=excluded.ACTION_KEY_, NAME_=excluded.NAME_, ACTOR_TYPE_=excluded.ACTOR_TYPE_, REQUIRES_REVIEW_=excluded.REQUIRES_REVIEW_, POSITION_=excluded.POSITION_;
INSERT INTO workflow_transition (ID_, WORKFLOW_ID_, FROM_STAGE_ID_, FROM_STATUS_ID_, TO_STAGE_ID_, TO_STATUS_ID_, ACTION_KEY_, NAME_, ACTOR_TYPE_, REQUIRES_REVIEW_, POSITION_, CREATED_AT_)
VALUES ('workflow-free-task-transition-003-complete_stage-todo-in_progress', 'workflow-free-task', 'workflow-free-task-stage-todo', 'workflow-free-task-status-in_progress', 'workflow-free-task-stage-in_progress', 'workflow-free-task-status-todo', 'complete_stage', '阶段完成', 'human', 0, 3, '__NOW__')
ON CONFLICT(ID_) DO UPDATE SET FROM_STAGE_ID_=excluded.FROM_STAGE_ID_, FROM_STATUS_ID_=excluded.FROM_STATUS_ID_, TO_STAGE_ID_=excluded.TO_STAGE_ID_, TO_STATUS_ID_=excluded.TO_STATUS_ID_, ACTION_KEY_=excluded.ACTION_KEY_, NAME_=excluded.NAME_, ACTOR_TYPE_=excluded.ACTOR_TYPE_, REQUIRES_REVIEW_=excluded.REQUIRES_REVIEW_, POSITION_=excluded.POSITION_;
INSERT INTO workflow_transition (ID_, WORKFLOW_ID_, FROM_STAGE_ID_, FROM_STATUS_ID_, TO_STAGE_ID_, TO_STATUS_ID_, ACTION_KEY_, NAME_, ACTOR_TYPE_, REQUIRES_REVIEW_, POSITION_, CREATED_AT_)
VALUES ('workflow-free-task-transition-004-changes_requested-todo-in_review', 'workflow-free-task', 'workflow-free-task-stage-todo', 'workflow-free-task-status-in_review', 'workflow-free-task-stage-todo', 'workflow-free-task-status-in_progress', 'changes_requested', '打回修改', 'human', 1, 4, '__NOW__')
ON CONFLICT(ID_) DO UPDATE SET FROM_STAGE_ID_=excluded.FROM_STAGE_ID_, FROM_STATUS_ID_=excluded.FROM_STATUS_ID_, TO_STAGE_ID_=excluded.TO_STAGE_ID_, TO_STATUS_ID_=excluded.TO_STATUS_ID_, ACTION_KEY_=excluded.ACTION_KEY_, NAME_=excluded.NAME_, ACTOR_TYPE_=excluded.ACTOR_TYPE_, REQUIRES_REVIEW_=excluded.REQUIRES_REVIEW_, POSITION_=excluded.POSITION_;
INSERT INTO workflow_transition (ID_, WORKFLOW_ID_, FROM_STAGE_ID_, FROM_STATUS_ID_, TO_STAGE_ID_, TO_STATUS_ID_, ACTION_KEY_, NAME_, ACTOR_TYPE_, REQUIRES_REVIEW_, POSITION_, CREATED_AT_)
VALUES ('workflow-free-task-transition-005-agent_done-todo-in_progress', 'workflow-free-task', 'workflow-free-task-stage-todo', 'workflow-free-task-status-in_progress', 'workflow-free-task-stage-todo', 'workflow-free-task-status-in_review', 'agent_done', '智能体交付', 'agent', 1, 5, '__NOW__')
ON CONFLICT(ID_) DO UPDATE SET FROM_STAGE_ID_=excluded.FROM_STAGE_ID_, FROM_STATUS_ID_=excluded.FROM_STATUS_ID_, TO_STAGE_ID_=excluded.TO_STAGE_ID_, TO_STATUS_ID_=excluded.TO_STATUS_ID_, ACTION_KEY_=excluded.ACTION_KEY_, NAME_=excluded.NAME_, ACTOR_TYPE_=excluded.ACTOR_TYPE_, REQUIRES_REVIEW_=excluded.REQUIRES_REVIEW_, POSITION_=excluded.POSITION_;
INSERT INTO workflow_transition (ID_, WORKFLOW_ID_, FROM_STAGE_ID_, FROM_STATUS_ID_, TO_STAGE_ID_, TO_STATUS_ID_, ACTION_KEY_, NAME_, ACTOR_TYPE_, REQUIRES_REVIEW_, POSITION_, CREATED_AT_)
VALUES ('workflow-free-task-transition-006-approve-todo-in_review', 'workflow-free-task', 'workflow-free-task-stage-todo', 'workflow-free-task-status-in_review', 'workflow-free-task-stage-in_progress', 'workflow-free-task-status-todo', 'approve', '审查通过', 'human', 1, 6, '__NOW__')
ON CONFLICT(ID_) DO UPDATE SET FROM_STAGE_ID_=excluded.FROM_STAGE_ID_, FROM_STATUS_ID_=excluded.FROM_STATUS_ID_, TO_STAGE_ID_=excluded.TO_STAGE_ID_, TO_STATUS_ID_=excluded.TO_STATUS_ID_, ACTION_KEY_=excluded.ACTION_KEY_, NAME_=excluded.NAME_, ACTOR_TYPE_=excluded.ACTOR_TYPE_, REQUIRES_REVIEW_=excluded.REQUIRES_REVIEW_, POSITION_=excluded.POSITION_;
INSERT INTO workflow_transition (ID_, WORKFLOW_ID_, FROM_STAGE_ID_, FROM_STATUS_ID_, TO_STAGE_ID_, TO_STATUS_ID_, ACTION_KEY_, NAME_, ACTOR_TYPE_, REQUIRES_REVIEW_, POSITION_, CREATED_AT_)
VALUES ('workflow-free-task-transition-007-reopen-todo-completed', 'workflow-free-task', 'workflow-free-task-stage-todo', 'workflow-free-task-status-completed', 'workflow-free-task-stage-todo', 'workflow-free-task-status-todo', 'reopen', '重新打开', 'human', 0, 7, '__NOW__')
ON CONFLICT(ID_) DO UPDATE SET FROM_STAGE_ID_=excluded.FROM_STAGE_ID_, FROM_STATUS_ID_=excluded.FROM_STATUS_ID_, TO_STAGE_ID_=excluded.TO_STAGE_ID_, TO_STATUS_ID_=excluded.TO_STATUS_ID_, ACTION_KEY_=excluded.ACTION_KEY_, NAME_=excluded.NAME_, ACTOR_TYPE_=excluded.ACTOR_TYPE_, REQUIRES_REVIEW_=excluded.REQUIRES_REVIEW_, POSITION_=excluded.POSITION_;
INSERT INTO workflow_transition (ID_, WORKFLOW_ID_, FROM_STAGE_ID_, FROM_STATUS_ID_, TO_STAGE_ID_, TO_STATUS_ID_, ACTION_KEY_, NAME_, ACTOR_TYPE_, REQUIRES_REVIEW_, POSITION_, CREATED_AT_)
VALUES ('workflow-free-task-transition-008-start-in_progress-todo', 'workflow-free-task', 'workflow-free-task-stage-in_progress', 'workflow-free-task-status-todo', 'workflow-free-task-stage-in_progress', 'workflow-free-task-status-in_progress', 'start', '开始处理', 'human', 0, 8, '__NOW__')
ON CONFLICT(ID_) DO UPDATE SET FROM_STAGE_ID_=excluded.FROM_STAGE_ID_, FROM_STATUS_ID_=excluded.FROM_STATUS_ID_, TO_STAGE_ID_=excluded.TO_STAGE_ID_, TO_STATUS_ID_=excluded.TO_STATUS_ID_, ACTION_KEY_=excluded.ACTION_KEY_, NAME_=excluded.NAME_, ACTOR_TYPE_=excluded.ACTOR_TYPE_, REQUIRES_REVIEW_=excluded.REQUIRES_REVIEW_, POSITION_=excluded.POSITION_;
INSERT INTO workflow_transition (ID_, WORKFLOW_ID_, FROM_STAGE_ID_, FROM_STATUS_ID_, TO_STAGE_ID_, TO_STATUS_ID_, ACTION_KEY_, NAME_, ACTOR_TYPE_, REQUIRES_REVIEW_, POSITION_, CREATED_AT_)
VALUES ('workflow-free-task-transition-009-submit_review-in_progress-in_progress', 'workflow-free-task', 'workflow-free-task-stage-in_progress', 'workflow-free-task-status-in_progress', 'workflow-free-task-stage-in_progress', 'workflow-free-task-status-in_review', 'submit_review', '提交审查', 'human', 1, 9, '__NOW__')
ON CONFLICT(ID_) DO UPDATE SET FROM_STAGE_ID_=excluded.FROM_STAGE_ID_, FROM_STATUS_ID_=excluded.FROM_STATUS_ID_, TO_STAGE_ID_=excluded.TO_STAGE_ID_, TO_STATUS_ID_=excluded.TO_STATUS_ID_, ACTION_KEY_=excluded.ACTION_KEY_, NAME_=excluded.NAME_, ACTOR_TYPE_=excluded.ACTOR_TYPE_, REQUIRES_REVIEW_=excluded.REQUIRES_REVIEW_, POSITION_=excluded.POSITION_;
INSERT INTO workflow_transition (ID_, WORKFLOW_ID_, FROM_STAGE_ID_, FROM_STATUS_ID_, TO_STAGE_ID_, TO_STATUS_ID_, ACTION_KEY_, NAME_, ACTOR_TYPE_, REQUIRES_REVIEW_, POSITION_, CREATED_AT_)
VALUES ('workflow-free-task-transition-010-changes_requested-in_progress-in_review', 'workflow-free-task', 'workflow-free-task-stage-in_progress', 'workflow-free-task-status-in_review', 'workflow-free-task-stage-in_progress', 'workflow-free-task-status-in_progress', 'changes_requested', '打回修改', 'human', 1, 10, '__NOW__')
ON CONFLICT(ID_) DO UPDATE SET FROM_STAGE_ID_=excluded.FROM_STAGE_ID_, FROM_STATUS_ID_=excluded.FROM_STATUS_ID_, TO_STAGE_ID_=excluded.TO_STAGE_ID_, TO_STATUS_ID_=excluded.TO_STATUS_ID_, ACTION_KEY_=excluded.ACTION_KEY_, NAME_=excluded.NAME_, ACTOR_TYPE_=excluded.ACTOR_TYPE_, REQUIRES_REVIEW_=excluded.REQUIRES_REVIEW_, POSITION_=excluded.POSITION_;
INSERT INTO workflow_transition (ID_, WORKFLOW_ID_, FROM_STAGE_ID_, FROM_STATUS_ID_, TO_STAGE_ID_, TO_STATUS_ID_, ACTION_KEY_, NAME_, ACTOR_TYPE_, REQUIRES_REVIEW_, POSITION_, CREATED_AT_)
VALUES ('workflow-free-task-transition-011-agent_done-in_progress-in_progress', 'workflow-free-task', 'workflow-free-task-stage-in_progress', 'workflow-free-task-status-in_progress', 'workflow-free-task-stage-in_progress', 'workflow-free-task-status-in_review', 'agent_done', '智能体交付', 'agent', 1, 11, '__NOW__')
ON CONFLICT(ID_) DO UPDATE SET FROM_STAGE_ID_=excluded.FROM_STAGE_ID_, FROM_STATUS_ID_=excluded.FROM_STATUS_ID_, TO_STAGE_ID_=excluded.TO_STAGE_ID_, TO_STATUS_ID_=excluded.TO_STATUS_ID_, ACTION_KEY_=excluded.ACTION_KEY_, NAME_=excluded.NAME_, ACTOR_TYPE_=excluded.ACTOR_TYPE_, REQUIRES_REVIEW_=excluded.REQUIRES_REVIEW_, POSITION_=excluded.POSITION_;
INSERT INTO workflow_transition (ID_, WORKFLOW_ID_, FROM_STAGE_ID_, FROM_STATUS_ID_, TO_STAGE_ID_, TO_STATUS_ID_, ACTION_KEY_, NAME_, ACTOR_TYPE_, REQUIRES_REVIEW_, POSITION_, CREATED_AT_)
VALUES ('workflow-free-task-transition-012-approve-in_progress-in_review', 'workflow-free-task', 'workflow-free-task-stage-in_progress', 'workflow-free-task-status-in_review', 'workflow-free-task-stage-done', 'workflow-free-task-status-todo', 'approve', '审查通过', 'human', 1, 12, '__NOW__')
ON CONFLICT(ID_) DO UPDATE SET FROM_STAGE_ID_=excluded.FROM_STAGE_ID_, FROM_STATUS_ID_=excluded.FROM_STATUS_ID_, TO_STAGE_ID_=excluded.TO_STAGE_ID_, TO_STATUS_ID_=excluded.TO_STATUS_ID_, ACTION_KEY_=excluded.ACTION_KEY_, NAME_=excluded.NAME_, ACTOR_TYPE_=excluded.ACTOR_TYPE_, REQUIRES_REVIEW_=excluded.REQUIRES_REVIEW_, POSITION_=excluded.POSITION_;
INSERT INTO workflow_transition (ID_, WORKFLOW_ID_, FROM_STAGE_ID_, FROM_STATUS_ID_, TO_STAGE_ID_, TO_STATUS_ID_, ACTION_KEY_, NAME_, ACTOR_TYPE_, REQUIRES_REVIEW_, POSITION_, CREATED_AT_)
VALUES ('workflow-free-task-transition-013-reopen-in_progress-completed', 'workflow-free-task', 'workflow-free-task-stage-in_progress', 'workflow-free-task-status-completed', 'workflow-free-task-stage-in_progress', 'workflow-free-task-status-todo', 'reopen', '重新打开', 'human', 0, 13, '__NOW__')
ON CONFLICT(ID_) DO UPDATE SET FROM_STAGE_ID_=excluded.FROM_STAGE_ID_, FROM_STATUS_ID_=excluded.FROM_STATUS_ID_, TO_STAGE_ID_=excluded.TO_STAGE_ID_, TO_STATUS_ID_=excluded.TO_STATUS_ID_, ACTION_KEY_=excluded.ACTION_KEY_, NAME_=excluded.NAME_, ACTOR_TYPE_=excluded.ACTOR_TYPE_, REQUIRES_REVIEW_=excluded.REQUIRES_REVIEW_, POSITION_=excluded.POSITION_;
INSERT INTO workflow_transition (ID_, WORKFLOW_ID_, FROM_STAGE_ID_, FROM_STATUS_ID_, TO_STAGE_ID_, TO_STATUS_ID_, ACTION_KEY_, NAME_, ACTOR_TYPE_, REQUIRES_REVIEW_, POSITION_, CREATED_AT_)
VALUES ('workflow-free-task-transition-014-start-done-todo', 'workflow-free-task', 'workflow-free-task-stage-done', 'workflow-free-task-status-todo', 'workflow-free-task-stage-done', 'workflow-free-task-status-in_progress', 'start', '开始处理', 'human', 0, 14, '__NOW__')
ON CONFLICT(ID_) DO UPDATE SET FROM_STAGE_ID_=excluded.FROM_STAGE_ID_, FROM_STATUS_ID_=excluded.FROM_STATUS_ID_, TO_STAGE_ID_=excluded.TO_STAGE_ID_, TO_STATUS_ID_=excluded.TO_STATUS_ID_, ACTION_KEY_=excluded.ACTION_KEY_, NAME_=excluded.NAME_, ACTOR_TYPE_=excluded.ACTOR_TYPE_, REQUIRES_REVIEW_=excluded.REQUIRES_REVIEW_, POSITION_=excluded.POSITION_;
INSERT INTO workflow_transition (ID_, WORKFLOW_ID_, FROM_STAGE_ID_, FROM_STATUS_ID_, TO_STAGE_ID_, TO_STATUS_ID_, ACTION_KEY_, NAME_, ACTOR_TYPE_, REQUIRES_REVIEW_, POSITION_, CREATED_AT_)
VALUES ('workflow-free-task-transition-015-complete-done-in_progress', 'workflow-free-task', 'workflow-free-task-stage-done', 'workflow-free-task-status-in_progress', 'workflow-free-task-stage-done', 'workflow-free-task-status-completed', 'complete', '完成', 'human', 0, 15, '__NOW__')
ON CONFLICT(ID_) DO UPDATE SET FROM_STAGE_ID_=excluded.FROM_STAGE_ID_, FROM_STATUS_ID_=excluded.FROM_STATUS_ID_, TO_STAGE_ID_=excluded.TO_STAGE_ID_, TO_STATUS_ID_=excluded.TO_STATUS_ID_, ACTION_KEY_=excluded.ACTION_KEY_, NAME_=excluded.NAME_, ACTOR_TYPE_=excluded.ACTOR_TYPE_, REQUIRES_REVIEW_=excluded.REQUIRES_REVIEW_, POSITION_=excluded.POSITION_;
INSERT INTO workflow_transition (ID_, WORKFLOW_ID_, FROM_STAGE_ID_, FROM_STATUS_ID_, TO_STAGE_ID_, TO_STATUS_ID_, ACTION_KEY_, NAME_, ACTOR_TYPE_, REQUIRES_REVIEW_, POSITION_, CREATED_AT_)
VALUES ('workflow-free-task-transition-016-changes_requested-done-in_review', 'workflow-free-task', 'workflow-free-task-stage-done', 'workflow-free-task-status-in_review', 'workflow-free-task-stage-done', 'workflow-free-task-status-in_progress', 'changes_requested', '打回修改', 'human', 1, 16, '__NOW__')
ON CONFLICT(ID_) DO UPDATE SET FROM_STAGE_ID_=excluded.FROM_STAGE_ID_, FROM_STATUS_ID_=excluded.FROM_STATUS_ID_, TO_STAGE_ID_=excluded.TO_STAGE_ID_, TO_STATUS_ID_=excluded.TO_STATUS_ID_, ACTION_KEY_=excluded.ACTION_KEY_, NAME_=excluded.NAME_, ACTOR_TYPE_=excluded.ACTOR_TYPE_, REQUIRES_REVIEW_=excluded.REQUIRES_REVIEW_, POSITION_=excluded.POSITION_;
INSERT INTO workflow_transition (ID_, WORKFLOW_ID_, FROM_STAGE_ID_, FROM_STATUS_ID_, TO_STAGE_ID_, TO_STATUS_ID_, ACTION_KEY_, NAME_, ACTOR_TYPE_, REQUIRES_REVIEW_, POSITION_, CREATED_AT_)
VALUES ('workflow-free-task-transition-017-agent_done-done-in_progress', 'workflow-free-task', 'workflow-free-task-stage-done', 'workflow-free-task-status-in_progress', 'workflow-free-task-stage-done', 'workflow-free-task-status-in_review', 'agent_done', '智能体交付', 'agent', 1, 17, '__NOW__')
ON CONFLICT(ID_) DO UPDATE SET FROM_STAGE_ID_=excluded.FROM_STAGE_ID_, FROM_STATUS_ID_=excluded.FROM_STATUS_ID_, TO_STAGE_ID_=excluded.TO_STAGE_ID_, TO_STATUS_ID_=excluded.TO_STATUS_ID_, ACTION_KEY_=excluded.ACTION_KEY_, NAME_=excluded.NAME_, ACTOR_TYPE_=excluded.ACTOR_TYPE_, REQUIRES_REVIEW_=excluded.REQUIRES_REVIEW_, POSITION_=excluded.POSITION_;
INSERT INTO workflow_transition (ID_, WORKFLOW_ID_, FROM_STAGE_ID_, FROM_STATUS_ID_, TO_STAGE_ID_, TO_STATUS_ID_, ACTION_KEY_, NAME_, ACTOR_TYPE_, REQUIRES_REVIEW_, POSITION_, CREATED_AT_)
VALUES ('workflow-free-task-transition-018-approve-done-in_review', 'workflow-free-task', 'workflow-free-task-stage-done', 'workflow-free-task-status-in_review', 'workflow-free-task-stage-done', 'workflow-free-task-status-completed', 'approve', '审查通过', 'human', 1, 18, '__NOW__')
ON CONFLICT(ID_) DO UPDATE SET FROM_STAGE_ID_=excluded.FROM_STAGE_ID_, FROM_STATUS_ID_=excluded.FROM_STATUS_ID_, TO_STAGE_ID_=excluded.TO_STAGE_ID_, TO_STATUS_ID_=excluded.TO_STATUS_ID_, ACTION_KEY_=excluded.ACTION_KEY_, NAME_=excluded.NAME_, ACTOR_TYPE_=excluded.ACTOR_TYPE_, REQUIRES_REVIEW_=excluded.REQUIRES_REVIEW_, POSITION_=excluded.POSITION_;
INSERT INTO workflow_transition (ID_, WORKFLOW_ID_, FROM_STAGE_ID_, FROM_STATUS_ID_, TO_STAGE_ID_, TO_STATUS_ID_, ACTION_KEY_, NAME_, ACTOR_TYPE_, REQUIRES_REVIEW_, POSITION_, CREATED_AT_)
VALUES ('workflow-free-task-transition-019-reopen-done-completed', 'workflow-free-task', 'workflow-free-task-stage-done', 'workflow-free-task-status-completed', 'workflow-free-task-stage-done', 'workflow-free-task-status-todo', 'reopen', '重新打开', 'human', 0, 19, '__NOW__')
ON CONFLICT(ID_) DO UPDATE SET FROM_STAGE_ID_=excluded.FROM_STAGE_ID_, FROM_STATUS_ID_=excluded.FROM_STATUS_ID_, TO_STAGE_ID_=excluded.TO_STAGE_ID_, TO_STATUS_ID_=excluded.TO_STATUS_ID_, ACTION_KEY_=excluded.ACTION_KEY_, NAME_=excluded.NAME_, ACTOR_TYPE_=excluded.ACTOR_TYPE_, REQUIRES_REVIEW_=excluded.REQUIRES_REVIEW_, POSITION_=excluded.POSITION_;
INSERT INTO workflow_transition (ID_, WORKFLOW_ID_, FROM_STAGE_ID_, FROM_STATUS_ID_, TO_STAGE_ID_, TO_STATUS_ID_, ACTION_KEY_, NAME_, ACTOR_TYPE_, REQUIRES_REVIEW_, POSITION_, CREATED_AT_)
VALUES ('workflow-graphic-publish-transition-001-plan-topic_planning-backlog', 'workflow-graphic-publish', 'workflow-graphic-publish-stage-topic_planning', 'workflow-graphic-publish-status-backlog', 'workflow-graphic-publish-stage-topic_planning', 'workflow-graphic-publish-status-todo', 'plan', '进入待办', 'human', 0, 1, '__NOW__')
ON CONFLICT(ID_) DO UPDATE SET FROM_STAGE_ID_=excluded.FROM_STAGE_ID_, FROM_STATUS_ID_=excluded.FROM_STATUS_ID_, TO_STAGE_ID_=excluded.TO_STAGE_ID_, TO_STATUS_ID_=excluded.TO_STATUS_ID_, ACTION_KEY_=excluded.ACTION_KEY_, NAME_=excluded.NAME_, ACTOR_TYPE_=excluded.ACTOR_TYPE_, REQUIRES_REVIEW_=excluded.REQUIRES_REVIEW_, POSITION_=excluded.POSITION_;
INSERT INTO workflow_transition (ID_, WORKFLOW_ID_, FROM_STAGE_ID_, FROM_STATUS_ID_, TO_STAGE_ID_, TO_STATUS_ID_, ACTION_KEY_, NAME_, ACTOR_TYPE_, REQUIRES_REVIEW_, POSITION_, CREATED_AT_)
VALUES ('workflow-graphic-publish-transition-002-start-topic_planning-todo', 'workflow-graphic-publish', 'workflow-graphic-publish-stage-topic_planning', 'workflow-graphic-publish-status-todo', 'workflow-graphic-publish-stage-topic_planning', 'workflow-graphic-publish-status-in_progress', 'start', '开始处理', 'human', 0, 2, '__NOW__')
ON CONFLICT(ID_) DO UPDATE SET FROM_STAGE_ID_=excluded.FROM_STAGE_ID_, FROM_STATUS_ID_=excluded.FROM_STATUS_ID_, TO_STAGE_ID_=excluded.TO_STAGE_ID_, TO_STATUS_ID_=excluded.TO_STATUS_ID_, ACTION_KEY_=excluded.ACTION_KEY_, NAME_=excluded.NAME_, ACTOR_TYPE_=excluded.ACTOR_TYPE_, REQUIRES_REVIEW_=excluded.REQUIRES_REVIEW_, POSITION_=excluded.POSITION_;
INSERT INTO workflow_transition (ID_, WORKFLOW_ID_, FROM_STAGE_ID_, FROM_STATUS_ID_, TO_STAGE_ID_, TO_STATUS_ID_, ACTION_KEY_, NAME_, ACTOR_TYPE_, REQUIRES_REVIEW_, POSITION_, CREATED_AT_)
VALUES ('workflow-graphic-publish-transition-003-complete_stage-topic_planning-in_progress', 'workflow-graphic-publish', 'workflow-graphic-publish-stage-topic_planning', 'workflow-graphic-publish-status-in_progress', 'workflow-graphic-publish-stage-copywriting', 'workflow-graphic-publish-status-todo', 'complete_stage', '阶段完成', 'human', 0, 3, '__NOW__')
ON CONFLICT(ID_) DO UPDATE SET FROM_STAGE_ID_=excluded.FROM_STAGE_ID_, FROM_STATUS_ID_=excluded.FROM_STATUS_ID_, TO_STAGE_ID_=excluded.TO_STAGE_ID_, TO_STATUS_ID_=excluded.TO_STATUS_ID_, ACTION_KEY_=excluded.ACTION_KEY_, NAME_=excluded.NAME_, ACTOR_TYPE_=excluded.ACTOR_TYPE_, REQUIRES_REVIEW_=excluded.REQUIRES_REVIEW_, POSITION_=excluded.POSITION_;
INSERT INTO workflow_transition (ID_, WORKFLOW_ID_, FROM_STAGE_ID_, FROM_STATUS_ID_, TO_STAGE_ID_, TO_STATUS_ID_, ACTION_KEY_, NAME_, ACTOR_TYPE_, REQUIRES_REVIEW_, POSITION_, CREATED_AT_)
VALUES ('workflow-graphic-publish-transition-004-changes_requested-topic_planning-in_review', 'workflow-graphic-publish', 'workflow-graphic-publish-stage-topic_planning', 'workflow-graphic-publish-status-in_review', 'workflow-graphic-publish-stage-topic_planning', 'workflow-graphic-publish-status-in_progress', 'changes_requested', '打回修改', 'human', 1, 4, '__NOW__')
ON CONFLICT(ID_) DO UPDATE SET FROM_STAGE_ID_=excluded.FROM_STAGE_ID_, FROM_STATUS_ID_=excluded.FROM_STATUS_ID_, TO_STAGE_ID_=excluded.TO_STAGE_ID_, TO_STATUS_ID_=excluded.TO_STATUS_ID_, ACTION_KEY_=excluded.ACTION_KEY_, NAME_=excluded.NAME_, ACTOR_TYPE_=excluded.ACTOR_TYPE_, REQUIRES_REVIEW_=excluded.REQUIRES_REVIEW_, POSITION_=excluded.POSITION_;
INSERT INTO workflow_transition (ID_, WORKFLOW_ID_, FROM_STAGE_ID_, FROM_STATUS_ID_, TO_STAGE_ID_, TO_STATUS_ID_, ACTION_KEY_, NAME_, ACTOR_TYPE_, REQUIRES_REVIEW_, POSITION_, CREATED_AT_)
VALUES ('workflow-graphic-publish-transition-005-agent_done-topic_planning-in_progress', 'workflow-graphic-publish', 'workflow-graphic-publish-stage-topic_planning', 'workflow-graphic-publish-status-in_progress', 'workflow-graphic-publish-stage-topic_planning', 'workflow-graphic-publish-status-in_review', 'agent_done', '智能体交付', 'agent', 1, 5, '__NOW__')
ON CONFLICT(ID_) DO UPDATE SET FROM_STAGE_ID_=excluded.FROM_STAGE_ID_, FROM_STATUS_ID_=excluded.FROM_STATUS_ID_, TO_STAGE_ID_=excluded.TO_STAGE_ID_, TO_STATUS_ID_=excluded.TO_STATUS_ID_, ACTION_KEY_=excluded.ACTION_KEY_, NAME_=excluded.NAME_, ACTOR_TYPE_=excluded.ACTOR_TYPE_, REQUIRES_REVIEW_=excluded.REQUIRES_REVIEW_, POSITION_=excluded.POSITION_;
INSERT INTO workflow_transition (ID_, WORKFLOW_ID_, FROM_STAGE_ID_, FROM_STATUS_ID_, TO_STAGE_ID_, TO_STATUS_ID_, ACTION_KEY_, NAME_, ACTOR_TYPE_, REQUIRES_REVIEW_, POSITION_, CREATED_AT_)
VALUES ('workflow-graphic-publish-transition-006-approve-topic_planning-in_review', 'workflow-graphic-publish', 'workflow-graphic-publish-stage-topic_planning', 'workflow-graphic-publish-status-in_review', 'workflow-graphic-publish-stage-copywriting', 'workflow-graphic-publish-status-todo', 'approve', '审查通过', 'human', 1, 6, '__NOW__')
ON CONFLICT(ID_) DO UPDATE SET FROM_STAGE_ID_=excluded.FROM_STAGE_ID_, FROM_STATUS_ID_=excluded.FROM_STATUS_ID_, TO_STAGE_ID_=excluded.TO_STAGE_ID_, TO_STATUS_ID_=excluded.TO_STATUS_ID_, ACTION_KEY_=excluded.ACTION_KEY_, NAME_=excluded.NAME_, ACTOR_TYPE_=excluded.ACTOR_TYPE_, REQUIRES_REVIEW_=excluded.REQUIRES_REVIEW_, POSITION_=excluded.POSITION_;
INSERT INTO workflow_transition (ID_, WORKFLOW_ID_, FROM_STAGE_ID_, FROM_STATUS_ID_, TO_STAGE_ID_, TO_STATUS_ID_, ACTION_KEY_, NAME_, ACTOR_TYPE_, REQUIRES_REVIEW_, POSITION_, CREATED_AT_)
VALUES ('workflow-graphic-publish-transition-007-reopen-topic_planning-completed', 'workflow-graphic-publish', 'workflow-graphic-publish-stage-topic_planning', 'workflow-graphic-publish-status-completed', 'workflow-graphic-publish-stage-topic_planning', 'workflow-graphic-publish-status-todo', 'reopen', '重新打开', 'human', 0, 7, '__NOW__')
ON CONFLICT(ID_) DO UPDATE SET FROM_STAGE_ID_=excluded.FROM_STAGE_ID_, FROM_STATUS_ID_=excluded.FROM_STATUS_ID_, TO_STAGE_ID_=excluded.TO_STAGE_ID_, TO_STATUS_ID_=excluded.TO_STATUS_ID_, ACTION_KEY_=excluded.ACTION_KEY_, NAME_=excluded.NAME_, ACTOR_TYPE_=excluded.ACTOR_TYPE_, REQUIRES_REVIEW_=excluded.REQUIRES_REVIEW_, POSITION_=excluded.POSITION_;
INSERT INTO workflow_transition (ID_, WORKFLOW_ID_, FROM_STAGE_ID_, FROM_STATUS_ID_, TO_STAGE_ID_, TO_STATUS_ID_, ACTION_KEY_, NAME_, ACTOR_TYPE_, REQUIRES_REVIEW_, POSITION_, CREATED_AT_)
VALUES ('workflow-graphic-publish-transition-008-start-copywriting-todo', 'workflow-graphic-publish', 'workflow-graphic-publish-stage-copywriting', 'workflow-graphic-publish-status-todo', 'workflow-graphic-publish-stage-copywriting', 'workflow-graphic-publish-status-in_progress', 'start', '开始处理', 'human', 0, 8, '__NOW__')
ON CONFLICT(ID_) DO UPDATE SET FROM_STAGE_ID_=excluded.FROM_STAGE_ID_, FROM_STATUS_ID_=excluded.FROM_STATUS_ID_, TO_STAGE_ID_=excluded.TO_STAGE_ID_, TO_STATUS_ID_=excluded.TO_STATUS_ID_, ACTION_KEY_=excluded.ACTION_KEY_, NAME_=excluded.NAME_, ACTOR_TYPE_=excluded.ACTOR_TYPE_, REQUIRES_REVIEW_=excluded.REQUIRES_REVIEW_, POSITION_=excluded.POSITION_;
INSERT INTO workflow_transition (ID_, WORKFLOW_ID_, FROM_STAGE_ID_, FROM_STATUS_ID_, TO_STAGE_ID_, TO_STATUS_ID_, ACTION_KEY_, NAME_, ACTOR_TYPE_, REQUIRES_REVIEW_, POSITION_, CREATED_AT_)
VALUES ('workflow-graphic-publish-transition-009-submit_review-copywriting-in_progress', 'workflow-graphic-publish', 'workflow-graphic-publish-stage-copywriting', 'workflow-graphic-publish-status-in_progress', 'workflow-graphic-publish-stage-copywriting', 'workflow-graphic-publish-status-in_review', 'submit_review', '提交审查', 'human', 1, 9, '__NOW__')
ON CONFLICT(ID_) DO UPDATE SET FROM_STAGE_ID_=excluded.FROM_STAGE_ID_, FROM_STATUS_ID_=excluded.FROM_STATUS_ID_, TO_STAGE_ID_=excluded.TO_STAGE_ID_, TO_STATUS_ID_=excluded.TO_STATUS_ID_, ACTION_KEY_=excluded.ACTION_KEY_, NAME_=excluded.NAME_, ACTOR_TYPE_=excluded.ACTOR_TYPE_, REQUIRES_REVIEW_=excluded.REQUIRES_REVIEW_, POSITION_=excluded.POSITION_;
INSERT INTO workflow_transition (ID_, WORKFLOW_ID_, FROM_STAGE_ID_, FROM_STATUS_ID_, TO_STAGE_ID_, TO_STATUS_ID_, ACTION_KEY_, NAME_, ACTOR_TYPE_, REQUIRES_REVIEW_, POSITION_, CREATED_AT_)
VALUES ('workflow-graphic-publish-transition-010-changes_requested-copywriting-in_review', 'workflow-graphic-publish', 'workflow-graphic-publish-stage-copywriting', 'workflow-graphic-publish-status-in_review', 'workflow-graphic-publish-stage-copywriting', 'workflow-graphic-publish-status-in_progress', 'changes_requested', '打回修改', 'human', 1, 10, '__NOW__')
ON CONFLICT(ID_) DO UPDATE SET FROM_STAGE_ID_=excluded.FROM_STAGE_ID_, FROM_STATUS_ID_=excluded.FROM_STATUS_ID_, TO_STAGE_ID_=excluded.TO_STAGE_ID_, TO_STATUS_ID_=excluded.TO_STATUS_ID_, ACTION_KEY_=excluded.ACTION_KEY_, NAME_=excluded.NAME_, ACTOR_TYPE_=excluded.ACTOR_TYPE_, REQUIRES_REVIEW_=excluded.REQUIRES_REVIEW_, POSITION_=excluded.POSITION_;
INSERT INTO workflow_transition (ID_, WORKFLOW_ID_, FROM_STAGE_ID_, FROM_STATUS_ID_, TO_STAGE_ID_, TO_STATUS_ID_, ACTION_KEY_, NAME_, ACTOR_TYPE_, REQUIRES_REVIEW_, POSITION_, CREATED_AT_)
VALUES ('workflow-graphic-publish-transition-011-agent_done-copywriting-in_progress', 'workflow-graphic-publish', 'workflow-graphic-publish-stage-copywriting', 'workflow-graphic-publish-status-in_progress', 'workflow-graphic-publish-stage-copywriting', 'workflow-graphic-publish-status-in_review', 'agent_done', '智能体交付', 'agent', 1, 11, '__NOW__')
ON CONFLICT(ID_) DO UPDATE SET FROM_STAGE_ID_=excluded.FROM_STAGE_ID_, FROM_STATUS_ID_=excluded.FROM_STATUS_ID_, TO_STAGE_ID_=excluded.TO_STAGE_ID_, TO_STATUS_ID_=excluded.TO_STATUS_ID_, ACTION_KEY_=excluded.ACTION_KEY_, NAME_=excluded.NAME_, ACTOR_TYPE_=excluded.ACTOR_TYPE_, REQUIRES_REVIEW_=excluded.REQUIRES_REVIEW_, POSITION_=excluded.POSITION_;
INSERT INTO workflow_transition (ID_, WORKFLOW_ID_, FROM_STAGE_ID_, FROM_STATUS_ID_, TO_STAGE_ID_, TO_STATUS_ID_, ACTION_KEY_, NAME_, ACTOR_TYPE_, REQUIRES_REVIEW_, POSITION_, CREATED_AT_)
VALUES ('workflow-graphic-publish-transition-012-approve-copywriting-in_review', 'workflow-graphic-publish', 'workflow-graphic-publish-stage-copywriting', 'workflow-graphic-publish-status-in_review', 'workflow-graphic-publish-stage-visual_production', 'workflow-graphic-publish-status-todo', 'approve', '审查通过', 'human', 1, 12, '__NOW__')
ON CONFLICT(ID_) DO UPDATE SET FROM_STAGE_ID_=excluded.FROM_STAGE_ID_, FROM_STATUS_ID_=excluded.FROM_STATUS_ID_, TO_STAGE_ID_=excluded.TO_STAGE_ID_, TO_STATUS_ID_=excluded.TO_STATUS_ID_, ACTION_KEY_=excluded.ACTION_KEY_, NAME_=excluded.NAME_, ACTOR_TYPE_=excluded.ACTOR_TYPE_, REQUIRES_REVIEW_=excluded.REQUIRES_REVIEW_, POSITION_=excluded.POSITION_;
INSERT INTO workflow_transition (ID_, WORKFLOW_ID_, FROM_STAGE_ID_, FROM_STATUS_ID_, TO_STAGE_ID_, TO_STATUS_ID_, ACTION_KEY_, NAME_, ACTOR_TYPE_, REQUIRES_REVIEW_, POSITION_, CREATED_AT_)
VALUES ('workflow-graphic-publish-transition-013-reopen-copywriting-completed', 'workflow-graphic-publish', 'workflow-graphic-publish-stage-copywriting', 'workflow-graphic-publish-status-completed', 'workflow-graphic-publish-stage-copywriting', 'workflow-graphic-publish-status-todo', 'reopen', '重新打开', 'human', 0, 13, '__NOW__')
ON CONFLICT(ID_) DO UPDATE SET FROM_STAGE_ID_=excluded.FROM_STAGE_ID_, FROM_STATUS_ID_=excluded.FROM_STATUS_ID_, TO_STAGE_ID_=excluded.TO_STAGE_ID_, TO_STATUS_ID_=excluded.TO_STATUS_ID_, ACTION_KEY_=excluded.ACTION_KEY_, NAME_=excluded.NAME_, ACTOR_TYPE_=excluded.ACTOR_TYPE_, REQUIRES_REVIEW_=excluded.REQUIRES_REVIEW_, POSITION_=excluded.POSITION_;
INSERT INTO workflow_transition (ID_, WORKFLOW_ID_, FROM_STAGE_ID_, FROM_STATUS_ID_, TO_STAGE_ID_, TO_STATUS_ID_, ACTION_KEY_, NAME_, ACTOR_TYPE_, REQUIRES_REVIEW_, POSITION_, CREATED_AT_)
VALUES ('workflow-graphic-publish-transition-014-start-visual_production-todo', 'workflow-graphic-publish', 'workflow-graphic-publish-stage-visual_production', 'workflow-graphic-publish-status-todo', 'workflow-graphic-publish-stage-visual_production', 'workflow-graphic-publish-status-in_progress', 'start', '开始处理', 'human', 0, 14, '__NOW__')
ON CONFLICT(ID_) DO UPDATE SET FROM_STAGE_ID_=excluded.FROM_STAGE_ID_, FROM_STATUS_ID_=excluded.FROM_STATUS_ID_, TO_STAGE_ID_=excluded.TO_STAGE_ID_, TO_STATUS_ID_=excluded.TO_STATUS_ID_, ACTION_KEY_=excluded.ACTION_KEY_, NAME_=excluded.NAME_, ACTOR_TYPE_=excluded.ACTOR_TYPE_, REQUIRES_REVIEW_=excluded.REQUIRES_REVIEW_, POSITION_=excluded.POSITION_;
INSERT INTO workflow_transition (ID_, WORKFLOW_ID_, FROM_STAGE_ID_, FROM_STATUS_ID_, TO_STAGE_ID_, TO_STATUS_ID_, ACTION_KEY_, NAME_, ACTOR_TYPE_, REQUIRES_REVIEW_, POSITION_, CREATED_AT_)
VALUES ('workflow-graphic-publish-transition-015-submit_review-visual_production-in_progress', 'workflow-graphic-publish', 'workflow-graphic-publish-stage-visual_production', 'workflow-graphic-publish-status-in_progress', 'workflow-graphic-publish-stage-visual_production', 'workflow-graphic-publish-status-in_review', 'submit_review', '提交审查', 'human', 1, 15, '__NOW__')
ON CONFLICT(ID_) DO UPDATE SET FROM_STAGE_ID_=excluded.FROM_STAGE_ID_, FROM_STATUS_ID_=excluded.FROM_STATUS_ID_, TO_STAGE_ID_=excluded.TO_STAGE_ID_, TO_STATUS_ID_=excluded.TO_STATUS_ID_, ACTION_KEY_=excluded.ACTION_KEY_, NAME_=excluded.NAME_, ACTOR_TYPE_=excluded.ACTOR_TYPE_, REQUIRES_REVIEW_=excluded.REQUIRES_REVIEW_, POSITION_=excluded.POSITION_;
INSERT INTO workflow_transition (ID_, WORKFLOW_ID_, FROM_STAGE_ID_, FROM_STATUS_ID_, TO_STAGE_ID_, TO_STATUS_ID_, ACTION_KEY_, NAME_, ACTOR_TYPE_, REQUIRES_REVIEW_, POSITION_, CREATED_AT_)
VALUES ('workflow-graphic-publish-transition-016-changes_requested-visual_production-in_review', 'workflow-graphic-publish', 'workflow-graphic-publish-stage-visual_production', 'workflow-graphic-publish-status-in_review', 'workflow-graphic-publish-stage-visual_production', 'workflow-graphic-publish-status-in_progress', 'changes_requested', '打回修改', 'human', 1, 16, '__NOW__')
ON CONFLICT(ID_) DO UPDATE SET FROM_STAGE_ID_=excluded.FROM_STAGE_ID_, FROM_STATUS_ID_=excluded.FROM_STATUS_ID_, TO_STAGE_ID_=excluded.TO_STAGE_ID_, TO_STATUS_ID_=excluded.TO_STATUS_ID_, ACTION_KEY_=excluded.ACTION_KEY_, NAME_=excluded.NAME_, ACTOR_TYPE_=excluded.ACTOR_TYPE_, REQUIRES_REVIEW_=excluded.REQUIRES_REVIEW_, POSITION_=excluded.POSITION_;
INSERT INTO workflow_transition (ID_, WORKFLOW_ID_, FROM_STAGE_ID_, FROM_STATUS_ID_, TO_STAGE_ID_, TO_STATUS_ID_, ACTION_KEY_, NAME_, ACTOR_TYPE_, REQUIRES_REVIEW_, POSITION_, CREATED_AT_)
VALUES ('workflow-graphic-publish-transition-017-agent_done-visual_production-in_progress', 'workflow-graphic-publish', 'workflow-graphic-publish-stage-visual_production', 'workflow-graphic-publish-status-in_progress', 'workflow-graphic-publish-stage-visual_production', 'workflow-graphic-publish-status-in_review', 'agent_done', '智能体交付', 'agent', 1, 17, '__NOW__')
ON CONFLICT(ID_) DO UPDATE SET FROM_STAGE_ID_=excluded.FROM_STAGE_ID_, FROM_STATUS_ID_=excluded.FROM_STATUS_ID_, TO_STAGE_ID_=excluded.TO_STAGE_ID_, TO_STATUS_ID_=excluded.TO_STATUS_ID_, ACTION_KEY_=excluded.ACTION_KEY_, NAME_=excluded.NAME_, ACTOR_TYPE_=excluded.ACTOR_TYPE_, REQUIRES_REVIEW_=excluded.REQUIRES_REVIEW_, POSITION_=excluded.POSITION_;
INSERT INTO workflow_transition (ID_, WORKFLOW_ID_, FROM_STAGE_ID_, FROM_STATUS_ID_, TO_STAGE_ID_, TO_STATUS_ID_, ACTION_KEY_, NAME_, ACTOR_TYPE_, REQUIRES_REVIEW_, POSITION_, CREATED_AT_)
VALUES ('workflow-graphic-publish-transition-018-approve-visual_production-in_review', 'workflow-graphic-publish', 'workflow-graphic-publish-stage-visual_production', 'workflow-graphic-publish-status-in_review', 'workflow-graphic-publish-stage-editing_proofreading', 'workflow-graphic-publish-status-todo', 'approve', '审查通过', 'human', 1, 18, '__NOW__')
ON CONFLICT(ID_) DO UPDATE SET FROM_STAGE_ID_=excluded.FROM_STAGE_ID_, FROM_STATUS_ID_=excluded.FROM_STATUS_ID_, TO_STAGE_ID_=excluded.TO_STAGE_ID_, TO_STATUS_ID_=excluded.TO_STATUS_ID_, ACTION_KEY_=excluded.ACTION_KEY_, NAME_=excluded.NAME_, ACTOR_TYPE_=excluded.ACTOR_TYPE_, REQUIRES_REVIEW_=excluded.REQUIRES_REVIEW_, POSITION_=excluded.POSITION_;
INSERT INTO workflow_transition (ID_, WORKFLOW_ID_, FROM_STAGE_ID_, FROM_STATUS_ID_, TO_STAGE_ID_, TO_STATUS_ID_, ACTION_KEY_, NAME_, ACTOR_TYPE_, REQUIRES_REVIEW_, POSITION_, CREATED_AT_)
VALUES ('workflow-graphic-publish-transition-019-reopen-visual_production-completed', 'workflow-graphic-publish', 'workflow-graphic-publish-stage-visual_production', 'workflow-graphic-publish-status-completed', 'workflow-graphic-publish-stage-visual_production', 'workflow-graphic-publish-status-todo', 'reopen', '重新打开', 'human', 0, 19, '__NOW__')
ON CONFLICT(ID_) DO UPDATE SET FROM_STAGE_ID_=excluded.FROM_STAGE_ID_, FROM_STATUS_ID_=excluded.FROM_STATUS_ID_, TO_STAGE_ID_=excluded.TO_STAGE_ID_, TO_STATUS_ID_=excluded.TO_STATUS_ID_, ACTION_KEY_=excluded.ACTION_KEY_, NAME_=excluded.NAME_, ACTOR_TYPE_=excluded.ACTOR_TYPE_, REQUIRES_REVIEW_=excluded.REQUIRES_REVIEW_, POSITION_=excluded.POSITION_;
INSERT INTO workflow_transition (ID_, WORKFLOW_ID_, FROM_STAGE_ID_, FROM_STATUS_ID_, TO_STAGE_ID_, TO_STATUS_ID_, ACTION_KEY_, NAME_, ACTOR_TYPE_, REQUIRES_REVIEW_, POSITION_, CREATED_AT_)
VALUES ('workflow-graphic-publish-transition-020-start-editing_proofreading-todo', 'workflow-graphic-publish', 'workflow-graphic-publish-stage-editing_proofreading', 'workflow-graphic-publish-status-todo', 'workflow-graphic-publish-stage-editing_proofreading', 'workflow-graphic-publish-status-in_progress', 'start', '开始处理', 'human', 0, 20, '__NOW__')
ON CONFLICT(ID_) DO UPDATE SET FROM_STAGE_ID_=excluded.FROM_STAGE_ID_, FROM_STATUS_ID_=excluded.FROM_STATUS_ID_, TO_STAGE_ID_=excluded.TO_STAGE_ID_, TO_STATUS_ID_=excluded.TO_STATUS_ID_, ACTION_KEY_=excluded.ACTION_KEY_, NAME_=excluded.NAME_, ACTOR_TYPE_=excluded.ACTOR_TYPE_, REQUIRES_REVIEW_=excluded.REQUIRES_REVIEW_, POSITION_=excluded.POSITION_;
INSERT INTO workflow_transition (ID_, WORKFLOW_ID_, FROM_STAGE_ID_, FROM_STATUS_ID_, TO_STAGE_ID_, TO_STATUS_ID_, ACTION_KEY_, NAME_, ACTOR_TYPE_, REQUIRES_REVIEW_, POSITION_, CREATED_AT_)
VALUES ('workflow-graphic-publish-transition-021-submit_review-editing_proofreading-in_progress', 'workflow-graphic-publish', 'workflow-graphic-publish-stage-editing_proofreading', 'workflow-graphic-publish-status-in_progress', 'workflow-graphic-publish-stage-editing_proofreading', 'workflow-graphic-publish-status-in_review', 'submit_review', '提交审查', 'human', 1, 21, '__NOW__')
ON CONFLICT(ID_) DO UPDATE SET FROM_STAGE_ID_=excluded.FROM_STAGE_ID_, FROM_STATUS_ID_=excluded.FROM_STATUS_ID_, TO_STAGE_ID_=excluded.TO_STAGE_ID_, TO_STATUS_ID_=excluded.TO_STATUS_ID_, ACTION_KEY_=excluded.ACTION_KEY_, NAME_=excluded.NAME_, ACTOR_TYPE_=excluded.ACTOR_TYPE_, REQUIRES_REVIEW_=excluded.REQUIRES_REVIEW_, POSITION_=excluded.POSITION_;
INSERT INTO workflow_transition (ID_, WORKFLOW_ID_, FROM_STAGE_ID_, FROM_STATUS_ID_, TO_STAGE_ID_, TO_STATUS_ID_, ACTION_KEY_, NAME_, ACTOR_TYPE_, REQUIRES_REVIEW_, POSITION_, CREATED_AT_)
VALUES ('workflow-graphic-publish-transition-022-changes_requested-editing_proofreading-in_review', 'workflow-graphic-publish', 'workflow-graphic-publish-stage-editing_proofreading', 'workflow-graphic-publish-status-in_review', 'workflow-graphic-publish-stage-editing_proofreading', 'workflow-graphic-publish-status-in_progress', 'changes_requested', '打回修改', 'human', 1, 22, '__NOW__')
ON CONFLICT(ID_) DO UPDATE SET FROM_STAGE_ID_=excluded.FROM_STAGE_ID_, FROM_STATUS_ID_=excluded.FROM_STATUS_ID_, TO_STAGE_ID_=excluded.TO_STAGE_ID_, TO_STATUS_ID_=excluded.TO_STATUS_ID_, ACTION_KEY_=excluded.ACTION_KEY_, NAME_=excluded.NAME_, ACTOR_TYPE_=excluded.ACTOR_TYPE_, REQUIRES_REVIEW_=excluded.REQUIRES_REVIEW_, POSITION_=excluded.POSITION_;
INSERT INTO workflow_transition (ID_, WORKFLOW_ID_, FROM_STAGE_ID_, FROM_STATUS_ID_, TO_STAGE_ID_, TO_STATUS_ID_, ACTION_KEY_, NAME_, ACTOR_TYPE_, REQUIRES_REVIEW_, POSITION_, CREATED_AT_)
VALUES ('workflow-graphic-publish-transition-023-agent_done-editing_proofreading-in_progress', 'workflow-graphic-publish', 'workflow-graphic-publish-stage-editing_proofreading', 'workflow-graphic-publish-status-in_progress', 'workflow-graphic-publish-stage-editing_proofreading', 'workflow-graphic-publish-status-in_review', 'agent_done', '智能体交付', 'agent', 1, 23, '__NOW__')
ON CONFLICT(ID_) DO UPDATE SET FROM_STAGE_ID_=excluded.FROM_STAGE_ID_, FROM_STATUS_ID_=excluded.FROM_STATUS_ID_, TO_STAGE_ID_=excluded.TO_STAGE_ID_, TO_STATUS_ID_=excluded.TO_STATUS_ID_, ACTION_KEY_=excluded.ACTION_KEY_, NAME_=excluded.NAME_, ACTOR_TYPE_=excluded.ACTOR_TYPE_, REQUIRES_REVIEW_=excluded.REQUIRES_REVIEW_, POSITION_=excluded.POSITION_;
INSERT INTO workflow_transition (ID_, WORKFLOW_ID_, FROM_STAGE_ID_, FROM_STATUS_ID_, TO_STAGE_ID_, TO_STATUS_ID_, ACTION_KEY_, NAME_, ACTOR_TYPE_, REQUIRES_REVIEW_, POSITION_, CREATED_AT_)
VALUES ('workflow-graphic-publish-transition-024-approve-editing_proofreading-in_review', 'workflow-graphic-publish', 'workflow-graphic-publish-stage-editing_proofreading', 'workflow-graphic-publish-status-in_review', 'workflow-graphic-publish-stage-publish_delivery', 'workflow-graphic-publish-status-todo', 'approve', '审查通过', 'human', 1, 24, '__NOW__')
ON CONFLICT(ID_) DO UPDATE SET FROM_STAGE_ID_=excluded.FROM_STAGE_ID_, FROM_STATUS_ID_=excluded.FROM_STATUS_ID_, TO_STAGE_ID_=excluded.TO_STAGE_ID_, TO_STATUS_ID_=excluded.TO_STATUS_ID_, ACTION_KEY_=excluded.ACTION_KEY_, NAME_=excluded.NAME_, ACTOR_TYPE_=excluded.ACTOR_TYPE_, REQUIRES_REVIEW_=excluded.REQUIRES_REVIEW_, POSITION_=excluded.POSITION_;
INSERT INTO workflow_transition (ID_, WORKFLOW_ID_, FROM_STAGE_ID_, FROM_STATUS_ID_, TO_STAGE_ID_, TO_STATUS_ID_, ACTION_KEY_, NAME_, ACTOR_TYPE_, REQUIRES_REVIEW_, POSITION_, CREATED_AT_)
VALUES ('workflow-graphic-publish-transition-025-reopen-editing_proofreading-completed', 'workflow-graphic-publish', 'workflow-graphic-publish-stage-editing_proofreading', 'workflow-graphic-publish-status-completed', 'workflow-graphic-publish-stage-editing_proofreading', 'workflow-graphic-publish-status-todo', 'reopen', '重新打开', 'human', 0, 25, '__NOW__')
ON CONFLICT(ID_) DO UPDATE SET FROM_STAGE_ID_=excluded.FROM_STAGE_ID_, FROM_STATUS_ID_=excluded.FROM_STATUS_ID_, TO_STAGE_ID_=excluded.TO_STAGE_ID_, TO_STATUS_ID_=excluded.TO_STATUS_ID_, ACTION_KEY_=excluded.ACTION_KEY_, NAME_=excluded.NAME_, ACTOR_TYPE_=excluded.ACTOR_TYPE_, REQUIRES_REVIEW_=excluded.REQUIRES_REVIEW_, POSITION_=excluded.POSITION_;
INSERT INTO workflow_transition (ID_, WORKFLOW_ID_, FROM_STAGE_ID_, FROM_STATUS_ID_, TO_STAGE_ID_, TO_STATUS_ID_, ACTION_KEY_, NAME_, ACTOR_TYPE_, REQUIRES_REVIEW_, POSITION_, CREATED_AT_)
VALUES ('workflow-graphic-publish-transition-026-start-publish_delivery-todo', 'workflow-graphic-publish', 'workflow-graphic-publish-stage-publish_delivery', 'workflow-graphic-publish-status-todo', 'workflow-graphic-publish-stage-publish_delivery', 'workflow-graphic-publish-status-in_progress', 'start', '开始处理', 'human', 0, 26, '__NOW__')
ON CONFLICT(ID_) DO UPDATE SET FROM_STAGE_ID_=excluded.FROM_STAGE_ID_, FROM_STATUS_ID_=excluded.FROM_STATUS_ID_, TO_STAGE_ID_=excluded.TO_STAGE_ID_, TO_STATUS_ID_=excluded.TO_STATUS_ID_, ACTION_KEY_=excluded.ACTION_KEY_, NAME_=excluded.NAME_, ACTOR_TYPE_=excluded.ACTOR_TYPE_, REQUIRES_REVIEW_=excluded.REQUIRES_REVIEW_, POSITION_=excluded.POSITION_;
INSERT INTO workflow_transition (ID_, WORKFLOW_ID_, FROM_STAGE_ID_, FROM_STATUS_ID_, TO_STAGE_ID_, TO_STATUS_ID_, ACTION_KEY_, NAME_, ACTOR_TYPE_, REQUIRES_REVIEW_, POSITION_, CREATED_AT_)
VALUES ('workflow-graphic-publish-transition-027-complete-publish_delivery-in_progress', 'workflow-graphic-publish', 'workflow-graphic-publish-stage-publish_delivery', 'workflow-graphic-publish-status-in_progress', 'workflow-graphic-publish-stage-publish_delivery', 'workflow-graphic-publish-status-completed', 'complete', '完成', 'human', 0, 27, '__NOW__')
ON CONFLICT(ID_) DO UPDATE SET FROM_STAGE_ID_=excluded.FROM_STAGE_ID_, FROM_STATUS_ID_=excluded.FROM_STATUS_ID_, TO_STAGE_ID_=excluded.TO_STAGE_ID_, TO_STATUS_ID_=excluded.TO_STATUS_ID_, ACTION_KEY_=excluded.ACTION_KEY_, NAME_=excluded.NAME_, ACTOR_TYPE_=excluded.ACTOR_TYPE_, REQUIRES_REVIEW_=excluded.REQUIRES_REVIEW_, POSITION_=excluded.POSITION_;
INSERT INTO workflow_transition (ID_, WORKFLOW_ID_, FROM_STAGE_ID_, FROM_STATUS_ID_, TO_STAGE_ID_, TO_STATUS_ID_, ACTION_KEY_, NAME_, ACTOR_TYPE_, REQUIRES_REVIEW_, POSITION_, CREATED_AT_)
VALUES ('workflow-graphic-publish-transition-028-changes_requested-publish_delivery-in_review', 'workflow-graphic-publish', 'workflow-graphic-publish-stage-publish_delivery', 'workflow-graphic-publish-status-in_review', 'workflow-graphic-publish-stage-publish_delivery', 'workflow-graphic-publish-status-in_progress', 'changes_requested', '打回修改', 'human', 1, 28, '__NOW__')
ON CONFLICT(ID_) DO UPDATE SET FROM_STAGE_ID_=excluded.FROM_STAGE_ID_, FROM_STATUS_ID_=excluded.FROM_STATUS_ID_, TO_STAGE_ID_=excluded.TO_STAGE_ID_, TO_STATUS_ID_=excluded.TO_STATUS_ID_, ACTION_KEY_=excluded.ACTION_KEY_, NAME_=excluded.NAME_, ACTOR_TYPE_=excluded.ACTOR_TYPE_, REQUIRES_REVIEW_=excluded.REQUIRES_REVIEW_, POSITION_=excluded.POSITION_;
INSERT INTO workflow_transition (ID_, WORKFLOW_ID_, FROM_STAGE_ID_, FROM_STATUS_ID_, TO_STAGE_ID_, TO_STATUS_ID_, ACTION_KEY_, NAME_, ACTOR_TYPE_, REQUIRES_REVIEW_, POSITION_, CREATED_AT_)
VALUES ('workflow-graphic-publish-transition-029-agent_done-publish_delivery-in_progress', 'workflow-graphic-publish', 'workflow-graphic-publish-stage-publish_delivery', 'workflow-graphic-publish-status-in_progress', 'workflow-graphic-publish-stage-publish_delivery', 'workflow-graphic-publish-status-in_review', 'agent_done', '智能体交付', 'agent', 1, 29, '__NOW__')
ON CONFLICT(ID_) DO UPDATE SET FROM_STAGE_ID_=excluded.FROM_STAGE_ID_, FROM_STATUS_ID_=excluded.FROM_STATUS_ID_, TO_STAGE_ID_=excluded.TO_STAGE_ID_, TO_STATUS_ID_=excluded.TO_STATUS_ID_, ACTION_KEY_=excluded.ACTION_KEY_, NAME_=excluded.NAME_, ACTOR_TYPE_=excluded.ACTOR_TYPE_, REQUIRES_REVIEW_=excluded.REQUIRES_REVIEW_, POSITION_=excluded.POSITION_;
INSERT INTO workflow_transition (ID_, WORKFLOW_ID_, FROM_STAGE_ID_, FROM_STATUS_ID_, TO_STAGE_ID_, TO_STATUS_ID_, ACTION_KEY_, NAME_, ACTOR_TYPE_, REQUIRES_REVIEW_, POSITION_, CREATED_AT_)
VALUES ('workflow-graphic-publish-transition-030-approve-publish_delivery-in_review', 'workflow-graphic-publish', 'workflow-graphic-publish-stage-publish_delivery', 'workflow-graphic-publish-status-in_review', 'workflow-graphic-publish-stage-publish_delivery', 'workflow-graphic-publish-status-completed', 'approve', '审查通过', 'human', 1, 30, '__NOW__')
ON CONFLICT(ID_) DO UPDATE SET FROM_STAGE_ID_=excluded.FROM_STAGE_ID_, FROM_STATUS_ID_=excluded.FROM_STATUS_ID_, TO_STAGE_ID_=excluded.TO_STAGE_ID_, TO_STATUS_ID_=excluded.TO_STATUS_ID_, ACTION_KEY_=excluded.ACTION_KEY_, NAME_=excluded.NAME_, ACTOR_TYPE_=excluded.ACTOR_TYPE_, REQUIRES_REVIEW_=excluded.REQUIRES_REVIEW_, POSITION_=excluded.POSITION_;
INSERT INTO workflow_transition (ID_, WORKFLOW_ID_, FROM_STAGE_ID_, FROM_STATUS_ID_, TO_STAGE_ID_, TO_STATUS_ID_, ACTION_KEY_, NAME_, ACTOR_TYPE_, REQUIRES_REVIEW_, POSITION_, CREATED_AT_)
VALUES ('workflow-graphic-publish-transition-031-reopen-publish_delivery-completed', 'workflow-graphic-publish', 'workflow-graphic-publish-stage-publish_delivery', 'workflow-graphic-publish-status-completed', 'workflow-graphic-publish-stage-publish_delivery', 'workflow-graphic-publish-status-todo', 'reopen', '重新打开', 'human', 0, 31, '__NOW__')
ON CONFLICT(ID_) DO UPDATE SET FROM_STAGE_ID_=excluded.FROM_STAGE_ID_, FROM_STATUS_ID_=excluded.FROM_STATUS_ID_, TO_STAGE_ID_=excluded.TO_STAGE_ID_, TO_STATUS_ID_=excluded.TO_STATUS_ID_, ACTION_KEY_=excluded.ACTION_KEY_, NAME_=excluded.NAME_, ACTOR_TYPE_=excluded.ACTOR_TYPE_, REQUIRES_REVIEW_=excluded.REQUIRES_REVIEW_, POSITION_=excluded.POSITION_;
